2023_mathematics,2022_mathematics,Institution,Location,Academic_mathematics,Employer_mathematics,Citations_mathematics,H_mathematics,International_mathematics,Score_mathematics,2023_computer_science,2022_computer_science,Academic_computer_science,Employer_computer_science,Citations_computer_science,H_computer_science,International_computer_science,Score_computer_science
401.0,501.0,AGH University of Science and Technology,Poland,48.9,50.9,71.7,67.1,59.4,,501.0,551.0,45.4,49.8,65.8,62.5,64.0,
251.0,351.0,Aalborg University,Denmark,52.2,53.9,78.1,70.3,81.3,,151.0,151.0,54.0,55.8,81.1,82.8,96.4,
151.0,201.0,Aalto University,Finland,55.7,60.2,84.6,81.6,68.0,,84.0,84.0,67.2,57.6,83.6,81.3,92.1,69.4
251.0,251.0,Aarhus University,Denmark,57.1,53.5,82.3,72.7,56.1,,140.0,107.0,65.3,58.5,78.0,70.6,72.5,65.9
,,Ain Shams University ,Egypt,,,,,,,351.0,351.0,45.0,66.5,67.5,59.0,42.2,
201.0,201.0,Aix-Marseille University,France,65.1,48.2,76.8,78.8,64.7,,501.0,601.0,45.9,46.7,68.4,61.4,71.2,
,,Ajman University,United Arab Emirates,,,,,,,501.0,,56.9,64.7,34.2,38.7,27.8,
451.0,451.0,Ajou University ,South Korea,56.8,58.5,61.5,55.3,20.6,,351.0,351.0,50.6,57.3,71.9,60.6,37.5,
,,Al Ain University,United Arab Emirates,,,,,,,451.0,,59.9,57.3,41.1,44.1,47.5,
251.0,251.0,Al-Farabi Kazakh National University,Kazakhstan,66.4,63.4,62.2,58.6,49.0,,501.0,451.0,57.9,60.3,39.0,37.6,24.1,
301.0,301.0,Albert-Ludwigs-Universitaet Freiburg,Germany,51.7,54.4,85.2,74.1,44.4,,201.0,201.0,53.7,49.7,90.8,76.0,73.2,
,,Alexandria University ,Egypt,,,,,,,551.0,451.0,41.7,58.8,66.4,55.9,39.0,
401.0,,Aligarh Muslim University,India,53.9,48.2,68.9,59.4,55.8,,,,,,,,,
137.0,144.0,Alma Mater Studiorum - University of Bologna,Italy,61.8,70.6,77.9,74.5,70.6,68.8,88.0,98.0,61.6,71.0,78.1,74.3,78.3,68.9
451.0,501.0,American University of Beirut (AUB),Lebanon,57.1,65.0,54.9,49.5,31.5,,201.0,201.0,50.2,76.1,68.3,61.0,37.8,
,,American University of Sharjah,United Arab Emirates,,,,,,,401.0,451.0,46.5,70.0,57.5,49.8,31.5,
,,American University of the Middle East,Kuwait,,,,,,,351.0,551.0,62.1,62.4,44.2,40.6,40.5,
401.0,,Amirkabir University of Technology,"Iran, Islamic Republic of",44.3,40.2,79.8,76.1,77.7,,501.0,601.0,39.8,43.6,78.2,71.6,82.9,
,,Amity University,India,,,,,,,451.0,,44.9,52.9,62.3,64.6,63.8,
,,Amrita Vishwa Vidyapeetham,India,,,,,,,651.0,551.0,41.4,49.3,64.5,63.9,28.4,
401.0,,Anna University,India,42.7,63.5,65.0,72.2,58.5,,351.0,401.0,42.8,60.5,65.2,76.7,69.9,
301.0,301.0,Aristotle University of Thessaloniki,Greece,49.3,55.4,77.4,68.2,69.8,,301.0,251.0,46.1,61.0,77.8,69.8,70.5,
201.0,251.0,Arizona State University,United States,51.1,66.4,79.8,76.5,67.3,,151.0,148.0,51.9,67.6,82.3,81.3,71.2,
,,Aston University,United Kingdom,,,,,,,551.0,451.0,38.0,57.1,72.1,61.8,48.5,
,,Athens University of Economics and Business,Greece,,,,,,,401.0,301.0,46.9,58.5,69.8,63.9,38.4,
,,Auckland University of Technology (AUT),New Zealand,,,,,,,401.0,401.0,46.7,52.4,73.1,61.8,62.3,
251.0,301.0,Babes-Bolyai University,Romania,57.9,55.3,75.7,68.2,63.9,,401.0,451.0,47.8,62.2,62.0,52.2,50.4,
351.0,401.0,Bandung Institute of Technology (ITB),Indonesia,63.9,69.8,56.4,47.3,29.6,,301.0,251.0,56.5,70.1,55.1,51.6,35.7,
,,Bangladesh University of Engineering and Technology,Bangladesh,,,,,,,401.0,301.0,50.5,61.0,68.8,56.8,20.7,
,,Bar-Ilan University,Israel,,,,,,,651.0,551.0,42.0,34.2,83.6,70.4,47.0,
251.0,251.0,Bauman Moscow State Technical University,Russia,71.5,86.9,52.8,46.1,22.5,,151.0,151.0,62.1,86.6,54.0,46.4,29.6,
201.0,201.0,Beihang University (former BUAA),China (Mainland),61.6,53.3,72.8,80.9,51.9,,201.0,201.0,55.6,49.8,79.2,88.8,62.8,
201.0,201.0,Beijing Institute of Technology,China (Mainland),59.9,61.9,72.7,82.9,54.7,,118.0,151.0,57.9,69.5,75.9,82.6,66.3,67.1
351.0,301.0,Beijing Jiaotong University,China (Mainland),54.3,43.6,75.5,81.3,49.1,,301.0,351.0,50.0,54.8,75.1,78.8,59.5,
201.0,151.0,Beijing Normal University ,China (Mainland),70.9,52.1,76.9,74.9,34.6,,351.0,401.0,49.3,53.2,73.3,66.5,58.3,
,,Beijing University of Posts and Telecommunications,China (Mainland),,,,,,,401.0,351.0,52.9,38.6,75.4,83.2,54.8,
451.0,401.0,Beijing University of Technology,China (Mainland),48.6,55.4,67.0,63.5,38.7,,451.0,401.0,42.1,54.3,69.5,68.8,50.4,
,,Beirut Arab University ,Lebanon,,,,,,,451.0,,56.7,58.9,46.6,42.4,43.6,
,,Belarusian State University,Belarus,,,,,,,651.0,,49.6,61.9,33.5,35.3,31.7,
351.0,351.0,Ben-Gurion University of The Negev,Israel,54.8,52.7,74.3,69.8,53.6,,401.0,351.0,47.6,48.4,78.6,71.6,54.8,
251.0,251.0,Bielefeld University,Germany,66.2,35.7,83.2,74.5,52.2,,,,,,,,,
351.0,351.0,Bilkent University,Turkey,56.0,68.1,64.9,57.8,30.7,,301.0,251.0,53.8,66.3,67.2,56.8,31.6,
,,Bina Nusantara University (BINUS),Indonesia,,,,,,,351.0,401.0,52.8,58.0,63.8,60.6,33.8,
,,Binghamton University SUNY,United States,,,,,,,651.0,551.0,40.3,43.1,78.6,66.8,32.2,
451.0,451.0,"Birla Institute of Technology and Science, Pilani",India,54.9,66.0,63.4,53.5,15.5,,301.0,401.0,48.8,65.1,69.3,61.0,45.7,
,,Birzeit university,"Palestinian Territory, Occupied",,,,,,,601.0,,42.4,53.4,63.7,54.9,33.8,
451.0,401.0,Bo_azii University,Turkey,54.1,67.6,61.4,55.3,21.5,,251.0,201.0,51.0,69.4,71.0,61.8,46.7,
451.0,401.0,Boston College,United States,47.6,60.1,71.8,67.7,21.0,,,,,,,,,
124.0,119.0,Boston University,United States,64.4,71.3,84.1,74.1,59.7,69.7,98.0,92.0,57.7,71.2,87.9,75.4,65.1,68.1
351.0,351.0,Brno University of Technology,Czech Republic,52.7,56.2,70.2,62.9,59.3,,351.0,351.0,50.6,52.0,68.2,62.5,73.8,
39.0,36.0,Brown University,United States,81.5,69.3,94.9,84.1,47.4,78.1,106.0,117.0,58.3,69.5,89.6,74.1,61.8,67.7
501.0,,Brunel University London,United Kingdom,39.4,54.0,78.6,65.4,54.6,,251.0,251.0,47.6,55.7,86.7,75.4,77.3,
251.0,301.0,Budapest University of Technology and Economics,Hungary,57.2,60.0,71.0,66.6,58.3,,301.0,301.0,47.8,64.7,67.1,60.6,76.5,
251.0,351.0,COMSATS University Islamabad,Pakistan,54.5,56.5,75.2,68.2,66.6,,251.0,251.0,48.5,58.3,76.7,68.8,76.5,
,,Ca' Foscari University of Venice ,Italy,,,,,,,451.0,401.0,46.9,56.9,68.1,55.9,40.0,
201.0,301.0,Cairo University,Egypt,54.1,65.9,79.2,71.3,62.1,,151.0,151.0,48.7,71.4,79.9,76.0,74.5,
17.0,17.0,California Institute of Technology (Caltech),United States,88.7,90.1,84.3,82.9,55.1,84.1,36.0,39.0,67.2,86.4,81.2,78.2,64.7,76.0
451.0,,Cankaya niversitesi,Turkey,46.3,19.1,96.5,84.4,53.1,,,,,,,,,
251.0,301.0,Cardiff University,United Kingdom,51.1,62.3,80.7,67.1,61.2,,251.0,301.0,45.7,62.1,82.0,74.3,75.3,
351.0,301.0,Carleton University,Canada,45.6,60.3,81.7,70.8,50.8,,251.0,251.0,47.6,61.9,79.3,72.5,76.6,
19.0,26.0,Carnegie Mellon University,United States,83.2,84.5,90.7,86.7,66.7,83.5,2.0,3.0,100.0,82.3,95.3,98.8,90.2,93.5
,,Case Western Reserve University,United States,,,,,,,451.0,401.0,42.9,56.8,78.6,63.2,43.1,
501.0,451.0,Catania University,Italy,47.3,36.8,79.2,70.3,47.1,,501.0,501.0,44.4,45.1,76.6,65.2,55.9,
401.0,451.0,Central South University,China (Mainland),48.9,35.9,77.8,81.6,57.3,,,,,,,,,
127.0,129.0,Chalmers University of Technology,Sweden,65.7,61.1,83.1,77.7,68.4,69.5,122.0,109.0,62.8,62.3,78.3,74.3,79.6,66.9
,,Chandigarh University,India,,,,,,,301.0,601.0,41.5,78.9,62.1,56.4,40.5,
145.0,151.0,Charles University,Czech Republic,69.8,56.7,77.0,75.3,59.9,68.1,251.0,251.0,55.9,54.1,74.7,67.9,66.1,
451.0,,Chiang Mai University,Thailand,53.3,55.9,68.6,62.9,26.5,,601.0,601.0,42.7,55.0,58.6,49.2,40.0,
,,Chulalongkorn University,Thailand,,,,,,,401.0,351.0,50.7,63.3,63.5,54.4,31.5,
501.0,501.0,Chung-Ang University (CAU),South Korea,54.6,57.7,65.6,54.4,21.0,,451.0,451.0,45.2,58.4,73.8,59.0,40.5,
139.0,88.0,City University of Hong Kong,Hong Kong SAR,72.0,57.6,82.1,78.5,43.1,68.7,121.0,74.0,66.2,54.8,85.6,82.9,59.6,67.0
201.0,151.0,City University of New York,United States,54.0,66.4,77.9,74.9,60.0,,351.0,351.0,41.7,64.4,76.0,65.2,56.3,
351.0,401.0,"City, University of London",United Kingdom,48.5,64.5,72.9,64.8,48.8,,351.0,401.0,43.9,60.2,73.0,63.9,62.1,
401.0,401.0,Clemson University,United States,47.3,46.6,80.2,69.3,49.8,,651.0,551.0,30.5,51.2,79.9,68.5,49.8,
,,College of William and Mary,United States,,,,,,,601.0,451.0,37.5,49.1,76.4,69.3,30.6,
351.0,301.0,Colorado State University,United States,46.9,61.8,81.2,69.3,37.1,,551.0,501.0,36.5,54.1,74.2,62.5,51.0,
22.0,15.0,Columbia University,United States,83.2,85.3,94.5,90.5,51.4,83.2,23.0,20.0,74.2,83.1,90.9,85.0,60.8,79.6
148.0,132.0,Complutense University of Madrid,Spain,64.2,65.6,77.2,74.9,63.7,68.0,201.0,201.0,52.6,68.1,69.8,61.0,75.3,
351.0,301.0,Concordia University,Canada,46.4,62.6,76.9,69.3,43.9,,251.0,301.0,47.9,55.2,79.2,76.2,80.6,
32.0,34.0,Cornell University,United States,79.0,85.5,87.3,83.2,56.0,79.9,17.0,14.0,76.3,81.5,97.4,88.6,72.9,81.9
,,Coventry University,United Kingdom,,,,,,,601.0,651.0,35.1,53.0,70.5,60.2,71.5,
,,Cranfield University,United Kingdom,,,,,,,401.0,451.0,35.8,64.8,80.7,64.2,57.1,
251.0,201.0,Curtin University,Australia,54.0,59.7,81.4,72.7,50.0,,351.0,351.0,38.4,59.4,79.0,67.4,83.7,
251.0,251.0,Czech Technical University in Prague,Czech Republic,58.2,58.9,73.4,67.1,52.4,,201.0,151.0,57.0,57.0,74.9,71.6,68.1,
501.0,,Dalhousie University,Canada,50.7,53.3,66.2,61.5,34.1,,351.0,401.0,43.5,62.7,73.3,60.6,55.9,
401.0,,Dalian University of Technology,China (Mainland),48.2,41.7,75.6,78.5,50.8,,601.0,,36.3,40.1,80.4,82.0,67.5,
451.0,351.0,Dartmouth College,United States,45.0,66.6,71.3,64.8,29.9,,301.0,301.0,47.9,61.4,78.0,67.1,41.5,
,,De Montfort University,United Kingdom,,,,,,,551.0,501.0,38.9,44.5,79.1,70.4,64.6,
,,Deakin University,Australia,,,,,,,201.0,251.0,49.6,57.9,82.0,76.0,76.8,
63.0,71.0,Delft University of Technology,Netherlands,71.5,80.8,78.5,78.8,70.6,75.4,54.0,62.0,64.5,78.9,78.7,81.7,92.1,74.1
,,Drexel University,United States,,,,,,,451.0,401.0,45.1,51.6,78.3,67.4,45.7,
,,Dublin City University,Ireland,,,,,,,201.0,251.0,47.3,63.2,80.0,73.2,75.2,
57.0,52.0,Duke University,United States,75.3,75.1,89.3,82.9,52.0,76.2,85.0,79.0,58.9,72.1,88.3,79.3,63.1,69.3
201.0,201.0,Durham University,United Kingdom,56.0,72.2,77.1,69.8,50.6,,301.0,301.0,43.2,67.2,74.1,63.6,61.4,
,,Duy Tan University,Vietnam,,,,,,,301.0,501.0,46.8,55.4,78.7,66.2,82.3,
18.0,21.0,EPFL,Switzerland,84.4,85.0,87.8,87.2,67.1,83.7,10.0,10.0,85.3,88.3,87.6,85.3,75.8,86.0
8.0,9.0,ETH Zurich - Swiss Federal Institute of Technology,Switzerland,91.7,89.7,91.3,94.3,68.4,89.3,9.0,9.0,82.8,90.0,91.7,94.0,77.4,87.2
,,EURECOM,France,,,,,,,451.0,451.0,49.8,42.2,77.8,65.5,52.3,
301.0,251.0,East China Normal University,China (Mainland),57.8,46.3,77.0,77.3,48.1,,601.0,551.0,40.2,39.8,76.6,73.9,45.4,
351.0,351.0,Eberhard Karls Universitt Tbingen,Germany,55.0,49.8,78.3,68.2,50.2,,301.0,301.0,52.8,51.6,84.5,65.9,54.1,
301.0,251.0,Ecole Centrale de Lyon,France,46.6,64.0,77.5,71.3,63.6,,,,,,,,,
,,Ecole des Ponts ParisTech,France,,,,,,,251.0,251.0,39.7,72.6,86.1,67.1,54.3,
87.0,101.0,Eindhoven University of Technology,Netherlands,70.1,73.4,79.8,74.5,65.4,72.4,69.0,64.0,67.1,72.6,76.5,76.6,77.5,71.6
301.0,351.0,Emory University,United States,55.4,54.0,80.8,69.3,44.4,,551.0,551.0,40.4,52.1,75.2,63.9,48.1,
,,Escuela Politcnica Nacional,Ecuador,,,,,,,601.0,601.0,43.2,57.3,54.0,50.4,32.2,
,,Escuela Superior Politcnica del Litoral (ESPOL),Ecuador,,,,,,,501.0,601.0,45.8,61.4,53.0,47.9,50.8,
,,"Essex, University of",United Kingdom,,,,,,,351.0,351.0,47.2,50.4,79.2,66.5,76.3,
251.0,251.0,Etvs Lornd University,Hungary,61.5,58.1,73.5,66.0,42.5,,451.0,451.0,50.4,59.2,57.5,50.4,51.2,
501.0,,Ewha Womans University,South Korea,53.3,57.5,62.0,55.3,34.3,,601.0,601.0,41.4,55.7,62.6,54.4,26.9,
501.0,,Florida International University,United States,47.1,51.0,70.6,58.6,46.1,,401.0,351.0,38.4,57.5,80.2,70.1,64.4,
251.0,201.0,Florida State University,United States,54.0,65.0,83.6,70.3,39.8,,351.0,301.0,41.9,60.1,77.7,67.9,55.9,
,,Free University of Bozen-Bolzano,Italy,,,,,,,651.0,651.0,47.9,28.0,78.1,68.2,63.3,
113.0,122.0,Freie Universitaet Berlin,Germany,70.6,64.0,82.3,70.8,63.4,70.3,201.0,201.0,57.5,62.8,70.9,59.0,55.1,
201.0,251.0,Friedrich-Alexander-Universitt Erlangen-Nrnberg,Germany,54.3,60.1,81.6,77.3,66.5,,351.0,401.0,46.5,51.8,75.8,72.3,70.8,
54.0,53.0,Fudan University,China (Mainland),82.7,71.2,80.6,82.3,49.5,76.7,60.0,71.0,68.0,79.2,81.3,81.6,41.0,73.4
451.0,451.0,Gadjah Mada University,Indonesia,60.8,70.3,51.9,42.1,25.3,,351.0,301.0,52.2,69.3,59.6,49.2,29.1,
,,Gazi niversitesi,Turkey,,,,,,,551.0,551.0,44.5,52.8,67.9,56.4,26.2,
,,Gda_sk University of Technology,Poland,,,,,,,601.0,,44.5,47.4,62.5,51.1,60.0,
,,George Mason University,United States,,,,,,,401.0,301.0,48.4,48.0,79.1,69.3,50.3,
501.0,,George Washington University,United States,49.3,58.2,70.0,58.6,30.4,,301.0,301.0,47.9,59.7,79.2,64.2,49.0,
,,Georgetown University,United States,,,,,,,451.0,451.0,42.4,65.5,64.2,54.4,33.8,
25.0,27.0,Georgia Institute of Technology,United States,81.8,81.7,85.2,88.5,61.9,81.3,28.0,33.0,69.6,78.6,87.1,91.2,78.1,77.6
501.0,451.0,Georgia State University,United States,44.3,58.5,73.4,60.8,38.0,,351.0,351.0,44.5,57.3,79.8,67.9,51.2,
201.0,251.0,Ghent University,Belgium,59.5,51.6,79.1,72.2,87.6,,201.0,201.0,53.0,55.5,77.8,73.2,89.4,
351.0,301.0,Goethe-University Frankfurt am Main,Germany,51.3,53.6,79.1,71.3,52.7,,401.0,301.0,48.1,56.5,73.6,60.6,53.0,
,,"Goldsmiths, University of London",United Kingdom,,,,,,,651.0,601.0,43.6,49.1,60.2,53.3,43.6,
301.0,301.0,Graz University of Technology,Austria,59.5,41.4,81.9,70.3,59.7,,201.0,201.0,57.6,48.6,82.9,74.5,72.3,
301.0,301.0,"Grenoble INP, Grenoble Institute of Technology",France,43.3,63.0,77.8,72.2,78.1,,151.0,151.0,52.0,68.5,76.0,74.9,89.8,
,,Griffith University,Australia,,,,,,,351.0,351.0,41.4,49.7,91.2,78.1,70.6,
,,Gwangju Institute of Science and Technology (GIST),South Korea,,,,,,,401.0,451.0,53.7,52.0,71.1,54.9,45.6,
68.0,72.0,HSE University,Russia,71.9,84.1,73.9,78.1,64.4,74.8,151.0,151.0,55.5,80.8,64.7,58.6,65.9,
401.0,451.0,Hacettepe University ,Turkey,47.7,64.9,71.3,60.8,51.7,,451.0,401.0,44.2,58.4,68.8,59.8,49.4,
,,Hamad Bin Khalifa University,Qatar,,,,,,,401.0,,47.7,41.2,86.5,70.1,68.8,
351.0,351.0,Hanoi University of Science and Technology,Vietnam,57.0,50.1,70.6,62.2,60.0,,451.0,401.0,43.1,54.1,70.7,61.4,68.9,
301.0,201.0,Hanyang University,South Korea,62.3,70.7,70.2,59.4,26.4,,151.0,201.0,58.9,71.8,73.3,63.2,53.3,
148.0,151.0,Harbin Institute of Technology,China (Mainland),67.6,53.9,73.7,86.4,62.0,68.0,151.0,151.0,58.6,58.3,79.1,88.3,67.3,
5.0,4.0,Harvard University,United States,96.3,100.0,93.3,94.3,62.7,92.9,8.0,7.0,80.2,100.0,90.4,88.6,74.8,88.2
,,Helwan University ,Egypt,,,,,,,601.0,601.0,40.7,52.8,65.6,57.7,44.2,
201.0,151.0,Heriot-Watt University,United Kingdom,57.3,64.0,81.7,74.9,54.2,,351.0,351.0,40.3,61.0,79.3,64.2,66.4,
401.0,351.0,Hiroshima University,Japan,55.3,51.7,67.8,62.2,45.0,,,,,,,,,
301.0,201.0,Hokkaido University,Japan,62.7,60.8,68.2,62.9,28.8,,451.0,401.0,45.0,63.3,64.2,57.3,40.8,
351.0,301.0,Hong Kong Baptist University,Hong Kong SAR,59.6,39.4,79.6,68.8,34.4,,501.0,351.0,46.0,42.2,83.9,71.8,28.2,
251.0,251.0,Huazhong University of Science and Technology,China (Mainland),58.2,55.6,77.4,80.9,47.6,,95.0,251.0,56.7,69.0,82.6,88.6,72.9,68.4
80.0,82.0,Humboldt-Universitt zu Berlin,Germany,77.2,61.2,84.2,74.1,63.9,73.3,151.0,151.0,61.7,64.3,76.7,65.5,53.6,
501.0,,Hunan University ,China (Mainland),47.4,38.6,78.4,77.3,37.9,,351.0,,39.1,58.7,80.6,78.8,57.5,
,,IMT Atlantique,France,,,,,,,98.0,140.0,53.1,86.7,72.5,63.6,77.6,68.1
251.0,251.0,ITMO University,Russia,58.9,76.3,60.9,58.6,59.7,,79.0,79.0,64.6,78.0,66.4,66.5,87.2,70.2
,,Illinois Institute of Technology,United States,,,,,,,351.0,301.0,45.9,50.5,85.7,76.9,42.8,
,,Imam Abdulrahman Bin Faisal University (IAU) (formerly UNIVERSITY OF DAMMAM),Saudi Arabia,,,,,,,651.0,,41.8,59.0,52.2,50.4,35.7,
,,Imam Mohammad Ibn Saud Islamic University  IMSIU,Saudi Arabia,,,,,,,601.0,,51.5,44.4,57.5,51.6,35.4,
10.0,11.0,Imperial College London,United Kingdom,88.7,87.3,87.5,90.5,76.5,87.3,15.0,17.0,77.5,85.6,86.6,87.1,85.3,82.7
,,"Indian Institute of Information Technology, Allahabad",India,,,,,,,651.0,501.0,48.7,50.0,55.1,51.6,23.8,
116.0,142.0,Indian Institute of Science,India,74.5,70.0,72.8,70.8,48.8,70.2,124.0,144.0,63.0,69.3,74.8,73.0,47.4,66.8
92.0,117.0,Indian Institute of Technology Bombay (IITB),India,78.6,85.1,64.5,62.9,45.0,72.1,66.0,67.0,67.8,85.0,69.3,67.1,49.1,72.1
119.0,128.0,Indian Institute of Technology Delhi (IITD),India,75.2,82.5,67.9,66.6,33.7,70.1,67.0,65.0,65.1,81.9,74.7,72.5,56.0,71.8
301.0,351.0,Indian Institute of Technology Guwahati (IITG),India,63.2,67.5,69.9,58.6,29.5,,251.0,351.0,52.0,66.9,67.8,59.0,53.7,
501.0,,Indian Institute of Technology Indore (IIT Indore),India,56.3,48.1,58.6,54.4,40.6,,451.0,501.0,45.1,55.2,69.2,61.4,46.0,
122.0,132.0,Indian Institute of Technology Kanpur (IITK),India,75.2,78.9,70.5,62.9,40.0,69.9,96.0,109.0,62.9,77.5,74.4,68.5,40.9,68.3
151.0,201.0,Indian Institute of Technology Kharagpur (IIT-KGP),India,68.3,77.4,71.0,62.2,38.4,,94.0,109.0,61.6,75.5,74.7,71.3,58.9,68.5
98.0,148.0,Indian Institute of Technology Madras (IITM),India,74.1,81.1,69.3,66.6,51.5,71.4,101.0,114.0,63.7,78.1,69.6,64.9,42.8,67.9
201.0,251.0,Indian Institute of Technology Roorkee (IITR),India,66.8,68.3,70.9,61.5,32.4,,201.0,251.0,52.2,65.8,72.9,69.3,45.2,
151.0,251.0,Indian Statistical Institute,India,63.1,56.4,78.4,70.8,69.6,,351.0,401.0,52.6,48.6,76.1,65.2,58.6,
151.0,132.0,Indiana University Bloomington,United States,63.2,57.8,88.5,76.5,53.3,,201.0,201.0,52.6,58.0,83.8,74.9,66.6,
,,Indraprastha Institute of Information Technology (IIIT) Delhi,India,,,,,,,451.0,451.0,49.7,49.6,73.5,63.6,34.6,
451.0,451.0,Inha University,South Korea,54.1,54.3,68.8,59.4,30.3,,,,,,,,,
,,Institut National des Sciences Appliques de Lyon (INSA),France,,,,,,,201.0,201.0,46.6,68.7,73.7,67.9,85.4,
14.0,14.0,Institut Polytechnique de Paris,France,85.0,86.6,84.5,86.4,79.3,84.9,31.0,31.0,68.0,86.9,78.0,77.9,92.8,77.4
,,Institut Teknologi Sepuluh Nopember (ITS Surabaya),Indonesia,,,,,,,451.0,351.0,50.8,61.8,58.5,52.2,29.6,
201.0,151.0,Instituto Nacional de Matemtica Pura e Aplicada (IMPA),Brazil,78.0,31.6,77.6,72.7,45.9,,,,,,,,,
251.0,201.0,Instituto Politcnico Nacional (IPN),Mexico,59.0,68.8,65.8,67.1,46.3,,151.0,201.0,53.5,71.6,71.0,69.0,57.5,
,,International Institute of Information Technology - Hyderabad (IIIT-H),India,,,,,,,451.0,501.0,43.3,49.2,78.7,68.5,53.9,
351.0,,International Islamic University Islamabad (IIU),Pakistan,50.4,53.3,74.6,67.7,52.2,,,,,,,,,
,,International Islamic University Malaysia (IIUM),Malaysia,,,,,,,551.0,551.0,43.3,55.3,62.5,55.4,51.6,
301.0,351.0,Iowa State University,United States,54.6,51.9,77.7,70.3,63.1,,351.0,401.0,42.1,55.2,81.3,74.9,70.3,
451.0,,Iran University of Science and Technology,"Iran, Islamic Republic of",46.2,36.9,77.6,68.2,64.1,,551.0,,44.5,41.0,76.7,67.1,50.0,
251.0,301.0,Istanbul Technical University,Turkey,57.0,69.7,70.3,62.2,45.5,,201.0,201.0,51.9,72.4,72.0,67.4,48.3,
,,Istanbul University,Turkey,,,,,,,601.0,551.0,40.6,59.7,58.7,54.9,25.8,
,,Jadavpur University,India,,,,,,,601.0,,43.6,45.6,69.1,63.9,37.5,
301.0,301.0,Jagiellonian University,Poland,57.8,52.2,76.1,68.2,52.6,,501.0,451.0,49.5,52.6,65.7,54.4,41.1,
,,Japan Advanced Institute of Science and Technology,Japan,,,,,,,401.0,501.0,52.9,52.9,62.4,53.9,55.7,
,,Jawaharlal Nehru University,India,,,,,,,501.0,601.0,43.3,59.2,64.4,57.3,36.5,
,,Jeonbuk National University,South Korea,,,,,,,601.0,601.0,40.6,52.7,67.1,56.8,45.3,
401.0,,Jilin University,China (Mainland),48.4,58.5,71.3,72.2,34.5,,251.0,,40.7,76.6,71.5,70.6,47.2,
301.0,301.0,Johannes Kepler University Linz,Austria,59.4,45.9,74.8,68.2,59.3,,401.0,351.0,53.1,39.7,77.0,66.2,84.1,
71.0,57.0,Johns Hopkins University,United States,70.0,72.5,94.4,85.3,47.0,74.2,72.0,84.0,59.4,72.0,90.2,82.2,76.8,70.8
501.0,,Jordan University of Science & Technology,Jordan,50.9,57.2,64.0,57.8,28.8,,251.0,201.0,51.2,66.6,75.0,67.1,43.1,
,,Jouf University,Saudi Arabia,,,,,,,651.0,,55.3,46.6,45.2,45.7,29.8,
42.0,55.0,KAIST - Korea Advanced Institute of Science & Technology,South Korea,81.7,80.8,80.7,76.1,55.2,77.9,29.0,32.0,75.8,79.4,80.1,80.3,66.4,77.5
143.0,151.0,"KIT, Karlsruhe Institute of Technology",Germany,66.5,62.9,77.3,74.1,64.5,68.3,104.0,98.0,63.7,65.8,75.0,75.6,75.0,67.8
48.0,59.0,KTH Royal Institute of Technology ,Sweden,80.3,70.5,82.5,78.5,71.2,77.5,62.0,54.0,69.6,70.1,80.3,79.5,83.0,73.0
95.0,96.0,KU Leuven,Belgium,68.3,70.1,79.3,78.8,66.2,71.7,50.0,50.0,70.8,71.4,81.0,81.6,90.6,74.6
,,Kaunas University of Technology,Lithuania,,,,,,,651.0,,39.5,54.4,58.5,54.9,43.6,
251.0,301.0,Kazan (Volga region) Federal University,Russia,59.1,61.8,64.9,66.6,59.6,,501.0,551.0,46.5,58.7,55.5,46.4,60.2,
301.0,251.0,Keio University,Japan,57.1,65.5,68.6,63.5,38.8,,201.0,151.0,55.4,70.7,65.5,62.9,57.5,
501.0,,Kent State University,United States,49.3,47.5,68.2,63.5,46.6,,,,,,,,,
251.0,401.0,Khalifa University of Science and Technology,United Arab Emirates,65.1,57.2,73.0,60.8,55.4,,148.0,251.0,59.6,62.6,79.3,71.1,80.2,65.4
,,Kharkiv National University of Radio Electronics ,Ukraine,,,,,,,451.0,501.0,47.3,69.5,51.1,46.4,38.0,
34.0,65.0,King Abdulaziz University (KAU),Saudi Arabia,78.3,61.4,86.3,90.0,97.8,79.8,50.0,56.0,68.1,70.1,87.0,84.6,98.4,74.6
151.0,201.0,King Abdullah University of Science & Technology (KAUST),Saudi Arabia,61.1,59.2,84.8,72.7,68.4,,145.0,151.0,55.4,64.0,85.5,76.7,77.3,65.5
104.0,151.0,King Fahd University of Petroleum & Minerals,Saudi Arabia,68.9,65.2,79.6,74.1,72.6,70.9,151.0,151.0,54.5,70.9,76.7,67.6,65.9,
451.0,,King Mongkut's University of Technology North Bangkok,Thailand,58.4,45.9,62.9,60.8,42.1,,,,,,,,,
401.0,,King Mongkut's University of Technology Thonburi ,Thailand,61.9,44.3,66.2,62.9,35.7,,,,,,,,,
151.0,201.0,King Saud University,Saudi Arabia,60.9,59.5,81.0,77.3,66.6,,140.0,151.0,53.7,64.4,86.0,80.1,86.5,65.9
71.0,72.0,King's College London,United Kingdom,67.9,76.0,88.2,81.9,63.3,74.2,63.0,58.0,66.4,74.6,83.2,75.4,77.5,72.6
,,"Kingston University, London",United Kingdom,,,,,,,551.0,551.0,42.2,59.0,58.5,52.2,45.1,
401.0,351.0,Ko University,Turkey,55.4,65.8,65.3,58.6,30.8,,301.0,301.0,48.6,67.0,68.0,58.6,49.6,
351.0,251.0,Kobe University,Japan,62.0,53.9,72.4,66.0,30.3,,651.0,551.0,39.4,57.3,62.7,52.2,24.5,
128.0,104.0,Korea University,South Korea,71.8,73.6,82.9,70.8,29.2,69.4,73.0,76.0,65.0,74.5,81.1,74.5,55.3,70.6
51.0,35.0,Kyoto University,Japan,80.6,69.0,82.4,85.0,59.0,77.1,118.0,109.0,61.2,71.1,71.6,69.6,72.7,67.1
351.0,351.0,Kyung Hee University,South Korea,54.7,58.3,80.9,69.8,28.5,,251.0,251.0,49.5,60.2,81.1,68.5,54.3,
401.0,351.0,Kyungpook National University,South Korea,57.2,51.9,69.0,61.5,27.2,,401.0,351.0,45.3,54.3,77.1,68.2,40.0,
201.0,151.0,Kyushu University,Japan,65.7,61.6,75.5,70.3,43.1,,251.0,251.0,48.4,65.1,72.9,68.2,65.6,
,,L.N. Gumilyov Eurasian National University (ENU),Kazakhstan,,,,,,,601.0,,57.2,60.0,30.7,34.1,18.3,
351.0,401.0,La Trobe University,Australia,52.4,53.2,72.0,67.1,49.7,,351.0,401.0,43.9,57.8,77.9,66.2,64.9,
,,Lahore University of Management Sciences (LUMS),Pakistan,,,,,,,351.0,301.0,54.9,68.2,52.9,47.2,36.2,
201.0,201.0,Lancaster University,United Kingdom,51.5,65.4,90.2,76.1,60.1,,124.0,135.0,58.6,62.5,87.4,78.2,77.7,66.8
,,Lebanese American University,Lebanon,,,,,,,501.0,551.0,45.2,67.6,51.0,48.5,31.1,
,,Lebanese University,Lebanon,,,,,,,251.0,301.0,63.2,66.0,56.8,49.8,22.4,
301.0,301.0,Leibniz University Hannover,Germany,53.5,52.5,77.4,71.3,64.6,,401.0,351.0,44.6,56.3,72.5,64.6,75.5,
151.0,151.0,Leiden University,Netherlands,62.4,62.9,81.6,72.2,54.7,,151.0,151.0,58.4,63.4,81.2,66.5,65.6,
251.0,251.0,Linkping University,Sweden,50.5,60.3,87.3,71.3,59.4,,251.0,251.0,49.3,51.9,86.9,75.4,80.9,
501.0,401.0,Lobachevsky University,Russia,51.7,58.0,65.1,57.0,32.1,,,,,,,,,
38.0,40.0,Lomonosov Moscow State University,Russia,87.6,95.0,62.0,69.3,52.0,78.9,64.0,62.0,69.6,91.9,60.2,55.9,51.9,72.5
251.0,251.0,Loughborough University,United Kingdom,54.9,63.7,79.6,65.4,57.2,,251.0,251.0,44.6,65.2,78.4,64.6,78.3,
351.0,401.0,Louisiana State University,United States,49.5,54.0,79.9,70.3,46.8,,551.0,601.0,37.1,52.9,76.2,62.9,48.8,
134.0,111.0,Ludwig-Maximilians-Universitt Mnchen,Germany,68.4,64.0,86.6,75.7,46.8,69.2,91.0,89.0,69.9,61.7,83.1,70.1,59.3,68.6
,,Lulea University,Sweden,,,,,,,451.0,551.0,39.2,47.5,83.4,69.8,76.0,
201.0,151.0,Lund University,Sweden,61.6,64.7,78.6,68.8,52.0,,201.0,201.0,53.5,65.9,77.6,67.1,64.7,
,,Lviv Polytechnic National University,Ukraine,,,,,,,451.0,401.0,45.0,59.9,67.4,62.2,31.9,
,,Maastricht University ,Netherlands,,,,,,,401.0,501.0,47.0,60.3,66.7,56.4,54.1,
201.0,201.0,Macquarie University,Australia,58.9,66.3,79.0,73.2,50.9,,151.0,151.0,58.7,62.3,78.3,70.6,73.1,
,,Mahidol University,Thailand,,,,,,,501.0,501.0,45.1,58.9,61.0,52.2,35.9,
,,Manchester Metropolitan University (MMU),United Kingdom,,,,,,,601.0,,36.8,49.5,70.2,58.6,78.2,
,,"Manipal Academy of Higher Education, Manipal, Karnataka, India",India,,,,,,,651.0,,36.2,53.9,66.9,63.6,38.7,
501.0,,Mansoura University,Egypt,43.6,48.8,76.3,67.1,43.3,,601.0,601.0,37.1,49.3,77.7,69.6,45.7,
451.0,451.0,Masaryk University,Czech Republic,49.7,59.6,65.7,58.6,44.5,,451.0,401.0,49.4,50.6,69.0,56.8,58.8,
1.0,1.0,Massachusetts Institute of Technology (MIT) ,United States,100.0,98.6,94.7,100.0,85.0,97.4,1.0,1.0,91.0,98.2,93.7,97.4,95.6,94.5
,,Massey University,New Zealand,,,,,,,601.0,601.0,37.4,54.4,66.8,58.2,56.7,
55.0,47.0,McGill University,Canada,75.1,83.8,81.8,78.5,55.6,76.4,34.0,44.0,67.3,82.4,86.6,82.3,67.9,76.1
151.0,89.0,McMaster University,Canada,64.4,62.6,83.4,72.2,59.9,,301.0,251.0,43.2,65.8,78.4,65.5,56.8,
451.0,451.0,Memorial University of Newfoundland,Canada,38.4,57.5,79.9,71.8,53.2,,,,,,,,,
82.0,76.0,Michigan State University,United States,67.6,70.2,86.9,83.5,65.5,73.2,148.0,126.0,52.4,66.5,86.9,79.8,72.5,65.4
201.0,201.0,Middle East Technical University,Turkey,62.7,71.3,71.6,58.6,48.2,,151.0,148.0,54.2,73.0,75.9,65.9,59.5,
,,Middlesex University,United Kingdom,,,,,,,501.0,551.0,38.6,49.8,76.9,68.5,76.2,
86.0,85.0,Monash University,Australia,68.0,76.3,80.8,75.3,66.7,72.5,73.0,68.0,60.8,75.5,80.2,76.6,80.9,70.6
77.0,89.0,Moscow Institute of Physics and Technology (MIPT / Moscow Phystech),Russia,74.8,85.7,73.3,68.8,51.4,73.5,117.0,137.0,61.4,82.4,67.7,54.9,51.5,67.2
,,Multimedia University (MMU),Malaysia,,,,,,,451.0,451.0,48.7,54.6,64.7,55.9,50.2,
151.0,141.0,Nagoya University,Japan,64.5,64.0,77.8,76.9,47.9,,301.0,301.0,49.0,65.5,67.4,60.2,64.7,
151.0,136.0,Nanjing University,China (Mainland),70.4,57.4,78.5,76.5,43.5,,110.0,131.0,63.9,61.0,82.8,84.9,55.8,67.6
451.0,451.0,Nanjing University of Aeronautics and Astronautics,China (Mainland),49.4,44.9,70.7,73.6,42.6,,,,,,,,,
151.0,151.0,Nankai University,China (Mainland),72.0,47.7,77.9,76.9,61.1,,551.0,551.0,40.3,42.5,82.2,75.2,42.2,
29.0,33.0,"Nanyang Technological University, Singapore (NTU)",Singapore,77.7,88.4,81.8,83.2,68.3,80.3,11.0,11.0,80.1,87.8,87.3,92.8,87.0,85.2
,,Nara Institute of Science and Technology,Japan,,,,,,,501.0,551.0,50.3,36.3,76.2,67.1,67.8,
501.0,401.0,National Central University,Taiwan,52.6,58.7,64.6,57.0,20.9,,501.0,351.0,44.4,58.6,69.8,59.0,28.0,
201.0,201.0,National Cheng Kung University (NCKU),Taiwan,67.7,67.2,88.6,60.8,27.8,,251.0,201.0,53.4,65.7,69.5,65.9,43.1,
,,National Chengchi University,Taiwan,,,,,,,601.0,451.0,42.9,56.8,58.8,52.8,29.6,
,,National Chung Cheng University,Taiwan,,,,,,,601.0,451.0,39.3,56.5,68.6,56.8,18.7,
,,National Chung Hsing University,Taiwan,,,,,,,601.0,551.0,37.8,55.0,71.5,60.2,33.8,
,,National Institute of Technology Rourkela,India,,,,,,,601.0,,38.4,47.8,73.8,66.5,55.7,
301.0,301.0,National Research Nuclear University MEPhI (Moscow Engineering Physics Institute),Russia,58.4,75.1,61.7,55.3,49.3,,301.0,301.0,52.0,73.8,58.3,50.4,39.7,
401.0,451.0,National Research Tomsk Polytechnic University,Russia,56.1,62.9,60.0,50.6,51.7,,301.0,351.0,55.4,64.4,56.3,51.1,66.3,
351.0,251.0,National Sun Yat-sen University,Taiwan,62.8,60.9,66.3,57.0,21.6,,401.0,301.0,44.9,59.4,74.4,61.0,33.1,
,,National Taipei University of Technology,Taiwan,,,,,,,251.0,201.0,55.9,64.2,66.5,57.7,40.0,
,,National Taiwan Normal University,Taiwan,,,,,,,501.0,401.0,48.5,55.5,69.8,55.4,17.9,
109.0,84.0,National Taiwan University (NTU),Taiwan,77.5,75.1,73.1,68.2,32.5,70.5,80.0,61.0,68.2,73.1,74.4,72.3,45.7,69.8
,,National Taiwan University of Science and Technology (Taiwan Tech),Taiwan,,,,,,,201.0,151.0,53.5,61.1,76.6,70.1,53.6,
201.0,201.0,National Technical University of Athens,Greece,60.0,63.6,75.9,70.8,65.0,,201.0,151.0,54.1,64.7,75.1,69.3,62.2,
,,"National Technical University of Ukraine ""Igor Sikorsky Kyiv Polytechnic Institute""",Ukraine,,,,,,,351.0,401.0,52.5,70.4,49.9,47.2,30.6,
151.0,201.0,National Tsing Hua University,Taiwan,62.3,73.6,87.9,62.9,37.6,,145.0,123.0,61.6,71.0,73.1,68.5,36.4,65.5
,,"National University of Computer and Emerging Sciences, Islamabad",Pakistan,,,,,,,351.0,301.0,50.6,62.9,63.9,58.2,38.4,
,,National University of Defense Technology,China (Mainland),,,,,,,651.0,551.0,58.4,12.8,72.4,79.5,54.6,
201.0,201.0,National University of Sciences And Technology (NUST) Islamabad,Pakistan,62.1,64.2,74.5,66.6,59.2,,148.0,131.0,58.5,68.0,74.9,69.3,71.5,65.4
13.0,13.0,National University of Singapore (NUS),Singapore,85.2,92.8,88.8,87.5,59.8,85.1,6.0,6.0,84.4,92.4,89.7,91.3,88.0,88.5
351.0,451.0,National University of Uzbekistan,Uzbekistan,73.1,68.1,47.5,46.1,23.7,,,,,,,,,
201.0,201.0,National Yang Ming Chiao Tung University,Taiwan,62.5,71.2,70.8,64.8,35.7,,151.0,123.0,57.2,68.1,72.4,69.6,46.5,
301.0,351.0,National and Kapodistrian University of Athens,Greece,54.4,57.1,76.0,62.9,55.4,,251.0,201.0,49.6,61.0,75.3,64.2,72.4,
451.0,451.0,New Jersey Institute of Technology (NJIT),United States,42.5,61.4,75.5,63.5,40.8,,601.0,501.0,33.8,48.6,83.2,72.3,56.4,
9.0,8.0,New York University (NYU),United States,93.6,83.9,93.0,90.5,57.0,87.4,26.0,19.0,75.7,77.0,92.6,86.1,65.8,79.0
251.0,251.0,Newcastle University,United Kingdom,47.1,65.0,81.9,74.1,61.5,,151.0,151.0,49.8,65.1,83.5,75.2,72.6,
201.0,151.0,North Carolina State University,United States,60.7,62.3,79.2,76.5,52.2,,251.0,201.0,48.9,59.5,80.4,77.7,66.9,
,,North South University,Bangladesh,,,,,,,651.0,601.0,43.5,62.5,49.2,44.1,23.8,
301.0,201.0,Northeastern University,United States,50.6,60.3,81.2,71.3,46.1,,151.0,151.0,56.9,55.3,85.0,81.3,70.6,
,,Northumbria University at Newcastle,United Kingdom,,,,,,,451.0,351.0,38.2,54.3,81.3,71.1,72.5,
,,Northwestern Polytechnical University,China (Mainland),,,,,,,551.0,501.0,48.2,30.2,77.9,82.8,61.1,
85.0,66.0,Northwestern University,United States,68.0,73.7,90.0,81.3,50.2,72.7,151.0,151.0,50.5,72.8,83.4,74.9,63.6,
151.0,151.0,Norwegian University of Science And Technology,Norway,61.4,56.7,79.2,78.5,71.0,,151.0,201.0,58.5,54.8,74.7,74.9,97.4,
110.0,117.0,Novosibirsk State University,Russia,78.0,77.9,60.9,62.2,51.5,70.4,301.0,301.0,59.3,74.9,48.7,39.7,31.8,
,,Oregon State University,United States,,,,,,,601.0,551.0,34.7,44.8,82.3,71.1,54.2,
151.0,136.0,Osaka University,Japan,68.4,66.4,73.2,72.7,43.4,,151.0,146.0,56.6,70.3,70.5,71.6,60.7,
351.0,,Oxford Brookes University,United Kingdom,61.0,71.3,53.5,46.1,38.0,,301.0,401.0,53.0,72.3,54.5,47.9,38.4,
27.0,25.0,Peking University,China (Mainland),87.8,78.6,80.7,87.0,47.7,80.8,19.0,24.0,76.7,80.9,85.9,93.5,57.5,80.3
80.0,85.0,Pennsylvania State University,United States,67.8,74.8,81.1,84.1,63.9,73.3,106.0,103.0,54.8,71.6,83.3,81.7,73.4,67.7
351.0,301.0,Peter the Great St. Petersburg Polytechnic University,Russia,62.5,68.1,64.2,53.5,30.5,,301.0,251.0,50.5,70.7,64.1,52.2,55.7,
91.0,120.0,Pohang University of Science And Technology (POSTECH),South Korea,75.1,76.8,80.4,66.6,47.4,72.2,78.0,94.0,66.9,75.7,83.2,68.2,37.5,70.3
34.0,59.0,Politecnico di Milano,Italy,78.6,82.5,76.4,80.6,82.6,79.8,33.0,49.0,70.1,81.4,75.7,78.4,94.3,76.4
98.0,129.0,Politecnico di Torino,Italy,66.1,75.7,73.3,74.1,77.2,71.4,101.0,129.0,56.9,74.6,72.9,72.5,91.8,67.9
,,Pontifcia Universidade Catlica do Rio Grande do Sul (PUCRS),Brazil,,,,,,,651.0,651.0,41.3,52.5,61.2,56.4,35.7,
351.0,351.0,Pontifcia Universidade Catlica do Rio de Janeiro,Brazil,58.8,58.8,69.5,60.8,34.0,,201.0,201.0,60.0,65.3,67.0,56.4,42.0,
151.0,151.0,Pontificia Universidad Catlica de Chile (UC),Chile,66.2,73.1,71.8,64.2,53.3,,148.0,148.0,57.6,75.9,72.2,62.9,53.6,65.4
451.0,,Pontificia Universidad Catlica de Valparaso,Chile,53.3,59.9,57.1,57.0,41.3,,551.0,651.0,44.4,59.5,54.1,49.8,44.2,
,,Pontificia Universidad Catlica del Per,Peru,,,,,,,501.0,501.0,50.7,67.8,46.3,36.5,35.9,
,,Pontificia Universidad Javeriana,Colombia,,,,,,,401.0,351.0,49.9,68.0,59.0,45.7,21.4,
,,Prince Mohammad Bin Fahd university,Saudi Arabia,,,,,,,401.0,601.0,61.2,56.4,46.7,44.1,41.6,
,,Princess Nourah bint Abdulrahman University,Saudi Arabia,,,,,,,401.0,451.0,57.5,56.0,51.6,48.5,41.3,
,,Princess Sumaya University for Technology,Jordan,,,,,,,401.0,401.0,52.1,65.0,54.5,51.6,21.2,
7.0,7.0,Princeton University,United States,95.7,86.3,95.2,94.5,56.4,89.6,13.0,13.0,79.8,85.1,93.8,87.2,71.8,83.7
63.0,62.0,Purdue University,United States,72.3,75.9,83.9,85.6,58.5,75.4,68.0,72.0,61.6,75.5,79.1,80.8,88.1,71.7
401.0,401.0,Pusan National University,South Korea,60.3,51.9,69.9,60.1,25.3,,551.0,551.0,41.2,54.5,70.7,59.4,33.8,
351.0,401.0,Qatar University,Qatar,49.2,58.0,75.7,62.2,59.3,,201.0,151.0,49.5,61.1,81.2,72.5,71.8,
151.0,201.0,Quaid-i-Azam University,Pakistan,63.9,59.6,84.2,70.8,52.2,,351.0,301.0,50.7,56.5,72.7,61.0,44.1,
110.0,138.0,Queen Mary University of London,United Kingdom,61.7,67.2,88.0,82.3,67.0,70.4,106.0,127.0,57.4,65.5,87.6,80.8,81.2,67.7
401.0,401.0,Queen's University Belfast,United Kingdom,41.6,63.9,79.4,64.8,58.9,,201.0,251.0,47.8,65.1,82.8,70.1,71.0,
301.0,251.0,Queen's University at Kingston,Canada,53.5,71.8,74.9,64.2,36.5,,139.0,148.0,52.8,74.1,82.2,74.5,60.7,66.0
201.0,151.0,Queensland University of Technology (QUT),Australia,59.9,61.5,86.3,75.3,48.8,,151.0,137.0,56.9,60.7,86.6,76.4,73.5,
201.0,301.0,RMIT University,Australia,60.9,65.5,77.4,62.9,47.1,,151.0,151.0,53.0,66.4,79.8,76.2,70.1,
87.0,201.0,RUDN University,Russia,66.3,85.9,68.8,62.9,89.8,72.4,251.0,401.0,47.1,78.8,58.7,54.4,76.1,
136.0,108.0,RWTH Aachen University,Germany,67.2,67.8,77.8,75.3,56.8,69.1,90.0,86.0,64.6,68.2,74.7,77.1,70.3,68.8
451.0,401.0,Radboud University ,Netherlands,41.7,53.1,77.0,69.3,51.6,,251.0,251.0,52.1,55.0,84.5,66.2,56.6,
401.0,351.0,Renmin (People's) University of China,China (Mainland),52.9,55.8,76.5,66.0,27.4,,301.0,501.0,42.0,68.4,80.3,68.5,33.6,
401.0,351.0,Rensselaer Polytechnic Institute,United States,53.7,53.9,76.0,62.2,36.2,,401.0,351.0,41.4,56.0,79.8,69.6,51.7,
39.0,49.0,Rheinische Friedrich-Wilhelms-Universitt Bonn,Germany,90.2,48.2,89.6,85.3,61.9,78.1,251.0,251.0,58.7,46.6,83.7,69.8,68.4,
151.0,138.0,Rice University,United States,61.3,66.1,85.0,74.5,53.4,,201.0,151.0,52.5,61.9,84.5,71.1,54.9,
,,Riga Technical University,Latvia,,,,,,,551.0,551.0,46.4,59.8,52.4,47.2,35.1,
,,Ritsumeikan University,Japan,,,,,,,501.0,501.0,44.3,58.2,68.7,53.3,47.9,
,,Rochester Institute of Technology (RIT),United States,,,,,,,451.0,451.0,42.1,54.1,76.3,67.1,52.1,
,,Royal Holloway University of London,United Kingdom,,,,,,,451.0,451.0,48.0,52.6,70.6,60.2,57.4,
451.0,401.0,Ruhr-Universitt Bochum,Germany,48.8,50.1,75.0,66.0,46.6,,601.0,601.0,40.6,43.6,73.5,62.5,58.7,
113.0,124.0,Ruprecht-Karls-Universitt Heidelberg,Germany,70.1,59.6,87.7,75.3,58.6,70.3,151.0,151.0,57.8,63.0,83.8,68.5,59.5,
102.0,92.0,Rutgers UniversityNew Brunswick,United States,69.1,62.5,86.3,83.2,56.5,71.2,151.0,142.0,55.6,59.9,85.5,79.5,75.4,
,,Ryerson University,Canada,,,,,,,401.0,451.0,39.0,59.4,77.5,68.8,75.4,
,,SRM INSTITUTE OF SCIENCE AND TECHNOLOGY,India,,,,,,,451.0,,42.2,64.8,57.8,57.7,46.1,
451.0,451.0,Sabanci University,Turkey,54.3,62.9,59.3,51.6,32.4,,351.0,301.0,47.2,66.1,66.4,55.4,43.5,
77.0,85.0,Saint Petersburg State University,Russia,75.7,80.7,64.5,71.8,66.7,73.5,151.0,151.0,54.1,79.7,62.1,55.9,62.7,
65.0,77.0,Sapienza University of Rome,Italy,75.5,69.5,78.5,79.2,75.0,75.3,71.0,79.0,67.7,69.6,76.7,75.6,80.4,71.0
251.0,251.0,Scuola Internazionale Superiore di Studi Avanzati (SISSA),Italy,59.4,36.5,89.4,78.5,49.7,,,,,,,,,
123.0,82.0,Scuola Normale Superiore di Pisa,Italy,79.1,64.5,76.8,71.3,30.7,69.8,,,,,,,,
451.0,,Sejong University ,South Korea,52.9,53.9,70.9,61.5,33.5,,251.0,351.0,50.7,57.4,84.3,71.6,53.7,
46.0,44.0,Seoul National University,South Korea,82.6,82.5,76.7,75.3,52.3,77.6,32.0,35.0,72.9,82.0,81.9,80.5,51.5,76.6
151.0,251.0,Shandong University,China (Mainland),67.4,54.5,71.9,79.6,54.6,,251.0,601.0,39.5,69.8,77.3,78.9,53.3,
46.0,50.0,Shanghai Jiao Tong University,China (Mainland),81.2,74.8,78.1,85.3,56.4,77.6,27.0,52.0,71.4,81.9,80.5,90.1,66.0,77.8
301.0,251.0,Shanghai University,China (Mainland),57.6,54.0,74.2,79.2,36.7,,301.0,401.0,46.8,60.7,73.2,74.3,50.2,
351.0,351.0,Sharif University of Technology,"Iran, Islamic Republic of",55.8,51.0,74.9,62.9,44.4,,301.0,301.0,48.7,54.0,80.0,75.4,52.0,
,,Shenzhen University,China (Mainland),,,,,,,501.0,451.0,44.8,34.6,80.5,81.1,64.0,
301.0,301.0,Sichuan University,China (Mainland),65.4,28.9,76.1,76.9,50.9,,501.0,551.0,33.9,51.8,80.4,79.1,58.0,
201.0,201.0,Simon Fraser University,Canada,59.0,62.3,78.9,68.2,52.6,,151.0,114.0,62.5,56.9,86.6,77.1,54.8,
,,Singapore Management University,Singapore,,,,,,,151.0,104.0,56.5,65.6,90.2,78.6,38.5,
,,Singapore University of Technology and Design,Singapore,,,,,,,251.0,251.0,46.0,54.8,88.9,80.3,64.8,
451.0,451.0,Skolkovo Institute of Science and Technology,Russia,47.8,52.3,83.8,63.5,37.9,,501.0,451.0,42.0,52.4,80.7,62.9,40.9,
401.0,451.0,Sogang University,South Korea,55.5,65.0,65.4,58.6,18.1,,551.0,551.0,44.7,60.3,59.5,50.4,16.6,
10.0,18.0,Sorbonne University,France,88.9,79.1,84.6,93.0,92.4,87.3,47.0,52.0,68.9,78.4,77.9,79.3,86.9,75.1
,,South China University of Technology,China (Mainland),,,,,,,501.0,451.0,45.6,36.3,79.5,81.9,52.4,
351.0,251.0,Southeast University,China (Mainland),49.6,38.9,80.4,87.5,56.9,,301.0,351.0,49.6,43.3,79.0,85.4,68.9,
401.0,451.0,Southern University of Science and Technology,China (Mainland),62.4,27.6,78.0,68.8,35.0,,,,,,,,,
3.0,2.0,Stanford University,United States,96.3,96.7,98.5,96.4,65.5,93.6,3.0,2.0,88.5,96.3,99.9,100.0,74.8,93.0
501.0,,Stellenbosch University,South Africa,45.7,48.4,69.0,63.5,52.6,,,,,,,,,
151.0,201.0,Stockholm University,Sweden,61.3,58.7,82.7,71.3,64.7,,301.0,201.0,55.5,56.8,72.5,60.6,56.3,
151.0,123.0,"Stony Brook University, State University of New York",United States,66.3,55.9,85.0,79.2,46.6,,301.0,251.0,51.6,50.0,82.8,75.2,52.9,
,,Sultan Qaboos University,Oman,,,,,,,501.0,601.0,45.8,54.4,60.0,54.9,53.6,
201.0,151.0,Sun Yat-sen University,China (Mainland),64.7,54.0,78.4,80.6,51.7,,151.0,251.0,51.9,66.2,82.1,83.5,56.3,
151.0,151.0,Sungkyunkwan University(SKKU),South Korea,68.4,70.0,75.5,69.3,38.3,,145.0,146.0,60.2,68.9,74.6,69.6,53.7,65.5
201.0,251.0,Swansea University,United Kingdom,58.8,65.9,77.5,69.3,59.7,,201.0,251.0,50.8,63.3,80.4,66.5,66.8,
501.0,451.0,Swinburne University of Technology,Australia,38.4,55.8,79.0,68.2,43.5,,301.0,301.0,44.6,55.3,83.2,75.8,68.3,
,,Syracuse University,United States,,,,,,,501.0,401.0,42.2,51.5,78.8,65.9,29.1,
401.0,401.0,TU Dortmund University,Germany,48.6,53.4,74.1,64.2,62.3,,301.0,301.0,51.0,50.9,75.3,67.9,68.2,
,,Tallinn University of Technology (TalTech),Estonia,,,,,,,451.0,601.0,49.8,48.3,63.5,54.4,74.9,
401.0,451.0,Tampere University,Finland,48.2,48.8,76.6,64.2,70.1,,251.0,251.0,53.7,49.6,77.3,73.2,75.5,
351.0,351.0,Taras Shevchenko National University of Kyiv,Ukraine,59.7,68.0,60.6,50.6,38.3,,451.0,501.0,50.6,66.2,49.0,42.4,36.2,
,,Taylor's University,Malaysia,,,,,,,301.0,401.0,52.2,63.9,64.2,54.9,37.5,
,,Technical University of Cluj-Napoca,Romania,,,,,,,601.0,601.0,42.0,53.3,62.1,50.4,57.4,
,,Technical University of Crete,Greece,,,,,,,651.0,551.0,44.0,45.1,65.1,58.6,38.7,
251.0,201.0,Technical University of Darmstadt,Germany,58.8,55.7,76.8,69.3,59.2,,133.0,123.0,64.8,54.5,81.5,79.5,78.5,66.3
121.0,151.0,Technical University of Denmark,Denmark,62.4,64.8,90.1,78.5,68.2,70.0,151.0,201.0,53.2,64.1,82.7,78.2,77.0,
43.0,51.0,Technical University of Munich,Germany,77.0,76.3,81.0,82.9,70.9,77.7,29.0,29.0,76.5,72.9,81.3,85.4,83.8,77.5
116.0,74.0,Technion - Israel Institute of Technology,Israel,74.1,62.8,81.2,77.7,42.1,70.2,114.0,101.0,66.2,60.5,82.1,76.6,56.4,67.3
53.0,64.0,Technische Universitt Berlin (TU Berlin),Germany,79.8,68.6,82.7,78.1,71.6,76.9,70.0,68.0,68.8,69.3,78.2,76.0,75.6,71.4
501.0,401.0,Technische Universitt Braunschweig,Germany,42.5,53.3,78.1,64.2,47.0,,501.0,501.0,38.7,52.2,75.1,67.6,70.5,
151.0,201.0,Technische Universitt Dresden,Germany,60.1,62.2,74.2,71.3,81.9,,201.0,201.0,55.8,58.3,75.8,70.1,92.0,
351.0,351.0,Technische Universitt Kaiserslautern,Germany,60.7,44.1,74.7,66.6,49.2,,551.0,501.0,49.0,36.1,74.6,66.2,56.7,
130.0,151.0,Technische Universitt Wien,Austria,67.4,59.5,77.8,75.3,74.9,69.3,73.0,74.0,72.6,59.5,77.4,78.6,84.3,70.6
,,Technological University Dublin,Ireland,,,,,,,551.0,601.0,46.0,59.8,51.2,46.4,42.1,
,,Tecnolgico de Monterrey,Mexico,,,,,,,86.0,101.0,62.4,83.1,70.2,59.4,60.8,69.1
130.0,113.0,Tel Aviv University,Israel,71.4,55.8,83.7,82.3,46.8,69.3,201.0,151.0,57.7,50.6,84.9,80.5,51.9,
,,Telkom University,Indonesia,,,,,,,551.0,551.0,52.4,53.8,56.2,49.8,22.9,
501.0,451.0,Temple University,United States,40.7,51.2,85.7,68.2,35.5,,451.0,451.0,44.4,44.6,85.5,72.8,50.6,
61.0,92.0,Texas A&M University,United States,69.4,74.4,81.1,85.0,80.5,75.6,133.0,151.0,52.2,72.0,79.4,78.6,81.5,66.3
451.0,351.0,Texas Tech University,United States,55.5,55.3,73.4,59.4,12.8,,551.0,451.0,41.6,52.7,72.8,61.4,36.3,
501.0,,Thapar Institute of Engineering & Technology,India,40.7,50.2,79.8,69.8,42.3,,451.0,601.0,39.6,49.0,85.2,78.2,55.4,
,,The American University in Cairo,Egypt,,,,,,,501.0,451.0,48.2,71.5,43.1,36.5,31.1,
48.0,47.0,The Australian National University,Australia,77.5,76.7,83.7,81.9,63.2,77.5,56.0,51.0,67.8,74.2,86.7,80.9,69.6,73.8
66.0,41.0,The Chinese University of Hong Kong (CUHK),Hong Kong SAR,79.4,67.5,89.8,80.3,41.5,74.9,53.0,26.0,72.3,64.8,95.2,92.1,50.9,74.3
148.0,111.0,The Hebrew University of Jerusalem,Israel,74.1,52.9,81.8,74.5,43.0,68.0,251.0,201.0,56.4,50.6,83.1,72.1,45.8,
151.0,109.0,The Hong Kong Polytechnic University,Hong Kong SAR,66.0,60.7,85.9,80.6,37.7,,151.0,92.0,57.8,58.4,87.2,83.5,64.9,
59.0,37.0,The Hong Kong University of Science and Technology,Hong Kong SAR,80.6,75.6,87.0,78.8,35.3,75.8,40.0,29.0,73.7,72.9,90.0,86.2,48.9,75.8
92.0,110.0,The London School of Economics and Political Science (LSE),United Kingdom,72.4,83.6,77.2,66.6,48.4,72.1,128.0,121.0,61.6,81.7,63.8,54.4,53.2,66.6
100.0,103.0,The Ohio State University,United States,65.3,67.9,83.4,82.3,67.5,71.3,201.0,151.0,48.8,65.9,81.5,77.7,70.1,
,,The Open University,United Kingdom,,,,,,,501.0,501.0,47.8,45.1,72.5,62.5,54.8,
151.0,144.0,The University of Adelaide,Australia,60.6,63.8,87.6,76.5,45.6,,113.0,96.0,57.2,63.9,94.6,83.2,62.1,67.4
,,The University of Alabama,United States,,,,,,,501.0,451.0,39.7,58.7,72.5,62.2,30.6,
251.0,251.0,The University of Arizona,United States,51.7,65.8,74.9,72.7,56.1,,251.0,201.0,49.2,61.7,75.2,70.4,68.2,
104.0,115.0,The University of Auckland,New Zealand,71.1,73.6,76.6,70.3,56.6,70.9,112.0,121.0,60.6,70.4,77.3,71.6,70.4,67.5
36.0,37.0,The University of Edinburgh,United Kingdom,77.2,74.9,88.4,88.0,73.3,79.7,20.0,23.0,79.9,73.5,88.1,85.7,90.2,80.2
201.0,201.0,The University of Exeter,United Kingdom,52.9,66.8,88.3,74.1,61.7,,351.0,351.0,36.4,62.1,86.2,73.9,55.9,
301.0,251.0,The University of Georgia,United States,53.6,59.0,80.5,71.3,49.4,,601.0,551.0,37.0,53.0,75.4,62.2,48.4,
84.0,56.0,The University of Hong Kong,Hong Kong SAR,76.9,74.9,81.9,73.6,37.7,72.8,61.0,39.0,68.1,73.4,86.6,83.8,54.0,73.3
57.0,69.0,The University of Manchester,United Kingdom,69.2,79.0,83.8,82.3,77.8,76.2,65.0,66.0,61.1,75.3,82.0,79.3,100.0,72.2
43.0,41.0,The University of Melbourne,Australia,76.1,81.1,83.7,81.6,62.1,77.7,41.0,43.0,68.3,78.1,84.4,81.9,81.4,75.6
48.0,57.0,The University of New South Wales (UNSW Sydney),Australia,72.4,78.1,80.1,80.9,87.9,77.5,57.0,58.0,63.5,76.6,83.0,85.3,84.7,73.7
201.0,251.0,"The University of Newcastle, Australia (UON)",Australia,62.4,60.8,75.1,65.4,63.6,,351.0,301.0,40.6,56.7,85.4,73.0,67.3,
140.0,120.0,The University of Queensland,Australia,62.9,70.8,89.5,72.2,50.0,68.6,122.0,109.0,57.1,67.9,82.5,76.2,76.2,66.9
251.0,301.0,The University of Sheffield,United Kingdom,49.8,64.3,79.7,73.6,56.5,,201.0,201.0,48.7,64.4,80.8,74.1,83.1,
70.0,66.0,The University of Sydney,Australia,73.0,77.5,84.8,78.8,52.7,74.5,57.0,60.0,63.0,74.9,88.1,86.4,83.7,73.7
351.0,301.0,"The University of Tennessee, Knoxville",United States,52.6,56.8,79.7,71.8,43.5,,601.0,501.0,33.8,48.4,80.2,71.3,47.3,
,,The University of Texas at Arlington,United States,,,,,,,551.0,451.0,35.6,50.1,82.3,72.1,43.1,
28.0,31.0,The University of Tokyo,Japan,87.8,77.7,76.9,84.1,58.2,80.6,49.0,45.0,67.9,84.7,72.4,77.9,73.6,75.0
19.0,23.0,The University of Warwick,United Kingdom,84.8,78.6,86.7,87.5,77.1,83.5,77.0,78.0,61.0,72.2,84.3,78.1,81.5,70.4
151.0,201.0,The University of Western Australia,Australia,61.1,62.8,82.5,71.8,62.6,,251.0,251.0,48.3,61.3,83.1,68.2,71.4,
301.0,351.0,Tianjin University,China (Mainland),61.3,36.8,75.4,80.6,48.5,,551.0,601.0,40.7,36.3,78.1,82.6,69.2,
,,Tilburg University,Netherlands,,,,,,,401.0,401.0,45.0,59.6,70.3,60.6,56.4,
151.0,142.0,Tohoku University,Japan,68.2,65.8,76.8,71.3,50.9,,201.0,201.0,50.8,68.4,72.7,64.9,60.1,
74.0,70.0,Tokyo Institute of Technology (Tokyo Tech),Japan,75.8,73.3,76.6,74.1,62.3,73.8,114.0,100.0,61.2,75.1,70.5,66.5,62.3,67.3
351.0,351.0,Tokyo University of Science,Japan,55.1,56.4,70.6,62.9,43.4,,,,,,,,,
351.0,351.0,Tomsk State University,Russia,58.0,71.4,54.0,54.4,52.9,,401.0,401.0,51.5,68.4,45.6,39.7,56.5,
251.0,351.0,Ton Duc Thang University,Vietnam,49.0,39.4,85.8,81.6,98.0,,601.0,601.0,35.5,41.6,81.5,68.2,94.4,
201.0,201.0,Tongji University,China (Mainland),63.4,48.0,76.8,79.6,57.6,,451.0,401.0,43.8,48.4,77.2,77.7,55.6,
201.0,251.0,"Trinity College Dublin, The University of Dublin",Ireland,58.0,74.9,70.2,62.2,51.2,,91.0,104.0,61.5,73.0,77.6,69.8,74.4,68.6
26.0,24.0,Tsinghua University,China (Mainland),86.6,80.1,79.7,90.7,46.8,80.9,15.0,15.0,78.8,83.0,86.4,99.4,61.8,82.7
,,Tufts University,United States,,,,,,,601.0,501.0,42.1,48.5,70.0,60.2,48.9,
41.0,39.0,UCL,United Kingdom,72.3,79.5,89.9,87.0,66.2,78.0,24.0,22.0,75.4,76.0,90.5,89.6,80.9,79.5
301.0,301.0,UNESP,Brazil,59.1,69.8,66.9,57.8,48.2,,351.0,251.0,44.1,68.6,72.2,64.2,28.0,
,,USI - Universit della Svizzera italiana,Switzerland,,,,,,,351.0,351.0,50.3,40.4,89.5,74.3,63.0,
451.0,,Ulsan National Institute of Science and Technology (UNIST),South Korea,59.0,55.3,64.5,55.3,20.5,,301.0,451.0,53.5,55.9,74.3,65.5,24.4,
,,Ulster University,United Kingdom,,,,,,,601.0,651.0,36.6,56.7,68.2,57.7,57.2,
,,Umea University,Sweden,,,,,,,601.0,551.0,42.0,48.7,64.5,55.4,70.0,
,,Umm Al-Qura University ,Saudi Arabia,,,,,,,551.0,451.0,51.4,49.0,63.0,53.9,28.7,
351.0,401.0,United Arab Emirates University,United Arab Emirates,52.4,62.1,70.7,63.5,40.0,,251.0,201.0,51.1,68.0,69.7,60.6,57.0,
110.0,101.0,Universidad Autnoma de Madrid,Spain,67.9,67.7,83.6,78.1,54.3,70.4,,,,,,,,
201.0,151.0,Universidad Carlos III de Madrid (UC3M),Spain,56.5,66.5,78.9,75.7,60.8,,151.0,151.0,56.2,65.0,75.4,67.6,79.5,
96.0,107.0,Universidad Nacional Autnoma de Mxico (UNAM),Mexico,70.7,77.7,69.7,70.8,65.7,71.5,130.0,131.0,58.7,80.5,66.7,58.6,63.2,66.5
301.0,251.0,Universidad Nacional de Colombia,Colombia,62.0,69.1,62.8,57.0,41.7,,,,,,,,,
451.0,451.0,Universidad Nacional de Crdoba - UNC,Argentina,53.7,53.6,65.3,60.8,33.1,,,,,,,,,
,,Universidad Nacional de La Plata (UNLP),Argentina,,,,,,,551.0,501.0,48.4,67.1,42.9,43.3,25.5,
,,Universidad Panamericana (UP),Mexico,,,,,,,601.0,,40.6,67.4,45.5,41.6,36.7,
151.0,151.0,Universidad Politcnica de Madrid (UPM),Spain,61.3,73.3,72.6,66.0,69.2,,118.0,127.0,56.9,72.8,73.2,71.1,89.0,67.1
,,Universidad Rey Juan Carlos,Spain,,,,,,,551.0,551.0,40.1,46.0,77.1,64.2,60.0,
401.0,401.0,Universidad Tcnica Federico Santa Mara (USM),Chile,55.3,52.8,68.6,57.8,49.8,,351.0,401.0,47.8,61.8,66.6,57.7,55.9,
,,Universidad de Antioquia,Colombia,,,,,,,651.0,601.0,40.6,60.1,55.0,47.2,32.7,
142.0,104.0,Universidad de Buenos Aires (UBA),Argentina,68.0,74.3,78.9,73.6,34.9,68.4,201.0,151.0,56.1,80.4,59.2,53.3,34.2,
134.0,132.0,Universidad de Chile,Chile,66.2,70.5,78.0,69.8,64.4,69.2,106.0,114.0,59.1,73.2,77.6,68.8,76.1,67.7
501.0,501.0,Universidad de Concepcin,Chile,54.6,56.8,57.3,53.5,37.4,,601.0,,41.9,61.3,51.2,45.7,42.0,
,,Universidad de Guadalajara (UDG),Mexico,,,,,,,501.0,601.0,42.5,59.4,61.4,54.4,53.2,
351.0,401.0,Universidad de Santiago de Chile (USACH),Chile,56.9,64.0,62.0,57.8,39.2,,451.0,501.0,46.1,68.0,53.3,43.3,44.5,
201.0,251.0,Universidad de Sevilla,Spain,64.6,53.0,73.3,70.8,71.9,,401.0,401.0,42.5,54.9,77.0,68.8,74.0,
451.0,451.0,Universidad de Zaragoza,Spain,48.2,41.8,78.7,67.1,50.9,,,,,,,,,
,,Universidad de la Repblica (Udelar),Uruguay,,,,,,,651.0,,42.2,56.5,52.9,47.9,42.0,
301.0,251.0,Universidad de los Andes,Colombia,61.6,70.5,63.8,57.8,34.3,,201.0,201.0,54.2,70.6,64.9,58.6,51.9,
130.0,124.0,Universidade Estadual de Campinas (Unicamp),Brazil,69.3,69.5,72.9,69.8,62.3,69.3,104.0,118.0,61.5,75.2,71.2,69.3,61.2,67.8
301.0,301.0,Universidade Federal de Minas Gerais      ,Brazil,59.8,57.3,73.5,64.2,41.7,,251.0,201.0,53.3,62.6,75.5,69.3,46.9,
,,Universidade Federal de Pernambuco (UFPE) ,Brazil,,,,,,,451.0,401.0,53.3,45.9,70.8,61.0,33.9,
451.0,501.0,Universidade Federal de Santa Catarina ,Brazil,50.4,49.3,69.7,60.8,42.7,,501.0,501.0,41.2,55.4,66.2,58.2,63.7,
501.0,451.0,Universidade Federal de So Carlos (UFSCar),Brazil,52.2,53.9,65.9,60.8,31.6,,551.0,501.0,41.1,57.6,68.5,58.2,37.9,
501.0,,Universidade Federal do Cear (UFC),Brazil,53.4,39.7,67.5,60.8,51.0,,,,,,,,,
,,Universidade Federal do Paran - UFPR,Brazil,,,,,,,551.0,451.0,40.2,57.5,70.8,60.2,36.9,
451.0,501.0,Universidade Federal do Rio Grande Do Sul ,Brazil,51.6,46.9,70.3,62.9,54.2,,301.0,301.0,58.4,51.2,70.2,62.5,60.9,
151.0,151.0,Universidade Federal do Rio de Janeiro,Brazil,65.7,63.2,73.1,69.8,58.9,,151.0,151.0,56.8,70.8,69.5,60.2,65.6,
401.0,351.0,Universidade Nova de Lisboa,Portugal,48.8,58.2,70.1,60.8,51.6,,,,,,,,,
401.0,451.0,Universidade de Braslia,Brazil,54.5,47.9,69.1,57.8,53.7,,551.0,551.0,39.6,56.9,65.3,54.4,63.6,
401.0,351.0,Universidade de Santiago de Compostela,Spain,52.2,50.1,75.7,64.8,48.5,,,,,,,,,
83.0,95.0,Universidade de So Paulo,Brazil,71.7,74.8,71.7,75.3,72.1,72.9,86.0,89.0,60.4,80.2,71.0,71.3,61.1,69.1
201.0,201.0,Universit Claude Bernard Lyon 1,France,62.0,42.3,77.3,76.9,88.2,,451.0,451.0,43.5,44.7,72.9,69.3,94.4,
,,Universit Commerciale Luigi Bocconi,Italy,,,,,,,401.0,,49.4,78.2,45.4,40.6,26.8,
251.0,201.0,Universit Cte d\'Azur,France,58.4,45.6,79.4,77.7,63.5,,451.0,451.0,49.4,40.6,75.8,70.1,81.3,
119.0,144.0,Universit Grenoble Alpes,France,65.8,55.8,78.9,83.2,83.2,70.1,136.0,151.0,60.0,61.6,75.2,77.3,92.7,66.2
351.0,351.0,Universit Laval,Canada,45.5,62.6,84.0,63.5,51.2,,401.0,351.0,44.4,58.0,79.1,61.4,39.4,
,,Universit Lumire Lyon 2,France,,,,,,,651.0,601.0,42.2,37.0,74.2,62.9,71.1,
14.0,12.0,Universit PSL,France,85.8,82.5,89.1,90.5,71.7,84.9,46.0,37.0,66.2,82.7,82.1,76.2,82.9,75.2
401.0,451.0,Universit Paris 1 Panthon-Sorbonne ,France,62.6,74.6,46.4,42.1,32.7,,301.0,301.0,58.1,74.5,46.0,39.7,35.8,
401.0,351.0,Universit Paris-Est Crteil,France,45.4,41.0,80.2,73.2,63.8,,651.0,551.0,32.7,44.0,83.5,67.9,72.0,
16.0,19.0,Universit Paris-Saclay,France,83.0,84.5,83.3,89.5,87.2,84.7,41.0,46.0,64.3,85.6,75.4,79.1,98.5,75.6
201.0,151.0,Universit Paul Sabatier Toulouse III,France,66.9,43.8,82.7,76.9,62.7,,301.0,301.0,57.1,46.0,72.6,61.8,81.2,
301.0,401.0,Universit Sorbonne Paris Nord,France,54.6,47.5,80.4,72.2,67.5,,651.0,,37.8,46.8,67.9,58.6,70.9,
130.0,115.0,Universit catholique de Louvain (UCLouvain),Belgium,66.5,62.3,88.5,75.3,57.1,69.3,124.0,108.0,64.3,64.4,79.6,67.9,65.7,66.8
451.0,501.0,Universit de Lige,Belgium,49.0,51.8,69.7,60.1,45.6,,551.0,551.0,40.5,50.7,71.8,61.0,58.0,
301.0,301.0,Universit de Lille,France,59.1,34.0,76.0,77.3,67.5,,401.0,351.0,47.5,45.2,75.8,71.8,79.2,
301.0,351.0,Universit de Lorraine,France,55.8,42.8,75.4,73.6,76.9,,501.0,451.0,45.8,37.4,74.3,71.3,87.6,
251.0,251.0,Universit de Montpellier,France,51.3,45.8,82.0,75.7,80.4,,401.0,451.0,46.0,45.4,77.8,70.9,89.5,
66.0,68.0,Universit de Montral ,Canada,73.7,73.3,83.6,77.7,65.7,74.9,47.0,48.0,68.1,71.5,92.5,86.1,80.8,75.1
,,Universit de Nantes,France,,,,,,,601.0,,36.3,43.2,71.2,67.4,92.9,
52.0,53.0,Universit de Paris-Cit,France,76.9,54.1,85.2,92.1,88.5,77.0,301.0,301.0,49.4,54.4,75.1,69.6,83.7,
201.0,251.0,Universit de Rennes 1,France,57.0,56.4,80.0,74.5,70.6,,251.0,351.0,54.8,50.4,73.1,70.1,93.8,
,,Universit de Sherbrooke,Canada,,,,,,,501.0,451.0,40.8,58.2,77.7,60.6,24.4,
251.0,251.0,Universit de Strasbourg,France,60.2,47.0,78.0,70.8,64.6,,501.0,501.0,45.5,48.3,70.5,58.2,65.3,
,,"Universit de Technologie, Compigne (UTC)",France,,,,,,,401.0,351.0,41.5,62.9,73.3,62.2,60.0,
251.0,201.0,Universit degli Studi di Pavia,Italy,59.0,50.6,83.1,72.2,42.3,,,,,,,,,
401.0,401.0,Universit degli studi Roma Tre,Italy,57.2,46.3,75.3,64.2,33.9,,551.0,501.0,41.2,51.0,71.9,61.8,41.8,
201.0,201.0,Universit du Qubec,Canada,54.9,57.8,80.0,77.7,81.0,,251.0,251.0,47.1,55.7,75.5,75.4,90.4,
501.0,,Universitas Indonesia,Indonesia,58.6,70.1,48.1,40.6,22.2,,251.0,201.0,56.0,71.1,55.6,55.9,36.5,
96.0,127.0,Universitat Autnoma de Barcelona,Spain,68.3,63.3,80.6,79.9,74.6,71.5,,,,,,,,
100.0,113.0,Universitat Politcnica de Catalunya  BarcelonaTech (UPC),Spain,65.7,68.6,78.3,79.9,75.8,71.3,82.0,86.0,62.9,67.8,75.9,77.9,97.7,69.6
251.0,351.0,Universitat Politcnica de Valncia,Spain,52.4,58.1,74.5,72.2,72.4,,201.0,251.0,52.8,57.3,74.2,73.4,82.9,
301.0,301.0,Universitat Pompeu Fabra (Barcelona),Spain,52.4,57.4,81.8,72.7,44.9,,,,,,,,,
145.0,151.0,Universitat de Barcelona,Spain,64.5,70.0,78.3,70.8,59.1,68.1,151.0,142.0,60.5,69.5,75.3,62.5,57.5,
401.0,451.0,Universitat de Valencia,Spain,51.1,47.0,74.1,65.4,60.4,,501.0,551.0,44.0,50.9,71.0,57.7,63.6,
151.0,151.0,Universitdi Padova,Italy,62.9,60.6,78.1,76.9,64.4,,201.0,201.0,50.5,61.9,79.2,75.6,75.8,
151.0,151.0,Universite libre de Bruxelles,Belgium,63.0,61.9,80.9,71.8,60.1,,201.0,251.0,52.8,63.3,74.0,63.6,69.5,
251.0,301.0,Universiti Kebangsaan Malaysia (UKM),Malaysia,60.9,59.1,72.3,61.5,56.2,,251.0,301.0,53.8,59.5,69.4,63.2,64.2,
143.0,144.0,Universiti Malaya (UM),Malaysia,66.7,67.1,80.5,68.2,58.7,68.3,80.0,76.0,61.8,65.7,86.9,80.6,88.9,69.8
,,Universiti Malaysia Pahang,Malaysia,,,,,,,651.0,601.0,41.1,41.7,72.0,62.2,55.7,
301.0,351.0,Universiti Putra Malaysia (UPM),Malaysia,60.5,60.6,69.8,60.1,46.5,,301.0,251.0,53.9,59.8,67.5,61.0,61.3,
201.0,301.0,Universiti Sains Malaysia (USM),Malaysia,66.9,59.4,71.3,60.8,50.6,,201.0,201.0,55.3,59.8,74.6,67.9,68.0,
,,Universiti Teknologi MARA - UiTM,Malaysia,,,,,,,601.0,501.0,43.1,54.2,55.5,55.4,43.4,
201.0,251.0,Universiti Teknologi Malaysia ,Malaysia,65.6,63.3,70.8,63.5,52.9,,151.0,151.0,58.4,61.2,71.7,73.0,91.5,
,,Universiti Teknologi PETRONAS (UTP),Malaysia,,,,,,,401.0,401.0,48.5,54.0,68.4,60.6,63.4,
,,Universiti Utara Malaysia (UUM),Malaysia,,,,,,,601.0,551.0,49.4,51.0,57.2,46.4,45.9,
,,Universitt Bremen,Germany,,,,,,,501.0,501.0,46.0,42.7,71.1,66.2,70.6,
401.0,351.0,Universitt Duisburg-Essen,Germany,53.2,32.6,80.5,73.2,56.0,,,,,,,,,
201.0,251.0,Universitt Hamburg,Germany,59.0,56.7,81.6,72.2,56.3,,251.0,251.0,52.4,56.4,79.2,67.4,70.1,
501.0,,Universitt Innsbruck,Austria,48.6,49.8,67.2,64.2,45.3,,551.0,551.0,42.9,44.7,72.5,64.2,59.2,
401.0,401.0,Universitt Jena,Germany,49.9,43.8,78.2,66.0,52.5,,,,,,,,,
,,Universitt Konstanz,Germany,,,,,,,601.0,,47.5,40.7,67.9,62.5,42.7,
351.0,351.0,Universitt Leipzig,Germany,60.2,47.2,71.8,62.9,42.4,,551.0,501.0,45.1,43.5,73.0,62.5,58.8,
501.0,401.0,Universitt Regensburg,Germany,49.1,38.4,79.3,72.7,29.5,,,,,,,,,
151.0,151.0,Universitt Stuttgart,Germany,64.8,61.5,78.4,77.7,55.4,,301.0,301.0,48.5,55.8,75.0,74.5,64.4,
401.0,401.0,Universitt des Saarlandes,Germany,57.3,38.6,76.5,67.1,48.2,,201.0,201.0,68.3,36.8,82.8,73.2,66.9,
501.0,501.0,University College Cork,Ireland,47.0,64.0,64.9,60.1,27.8,,201.0,201.0,50.9,63.2,78.9,69.6,65.6,
201.0,201.0,University College Dublin,Ireland,56.4,68.0,79.5,66.6,51.6,,151.0,151.0,54.2,67.7,79.9,75.8,77.3,
351.0,451.0,University POLITEHNICA of Bucharest,Romania,54.1,62.0,62.6,62.9,55.1,,401.0,451.0,43.6,61.2,61.0,59.4,75.9,
451.0,451.0,University Ulm,Germany,48.9,41.8,77.3,67.7,49.7,,,,,,,,,
451.0,401.0,University at Buffalo SUNY,United States,44.3,52.9,78.4,70.8,40.9,,351.0,301.0,45.4,52.8,81.7,74.5,50.5,
451.0,351.0,University of Aberdeen,United Kingdom,49.9,54.6,74.0,66.6,35.5,,601.0,551.0,38.2,58.0,63.0,57.3,44.1,
124.0,124.0,University of Alberta,Canada,66.8,65.1,80.7,79.2,60.2,69.7,114.0,104.0,57.1,68.4,83.3,79.5,72.0,67.3
94.0,80.0,University of Amsterdam,Netherlands,68.1,75.0,86.0,77.3,50.9,71.8,34.0,34.0,74.3,73.7,89.8,78.9,64.2,76.1
451.0,501.0,University of Antwerp,Belgium,52.0,47.3,71.0,59.4,51.2,,351.0,351.0,49.3,51.8,76.4,62.9,65.5,
351.0,451.0,University of Aveiro,Portugal,50.2,46.2,75.8,67.7,70.5,,,,,,,,,
,,University of Baghdad,Iraq,,,,,,,551.0,551.0,42.3,64.0,55.8,45.7,34.9,
,,University of Basel,Switzerland,,,,,,,651.0,601.0,38.9,49.3,71.1,60.6,40.4,
108.0,97.0,University of Bath,United Kingdom,67.8,69.1,94.4,74.5,44.3,70.7,351.0,351.0,37.0,66.2,80.7,66.8,56.7,
451.0,501.0,University of Belgrade,Serbia,44.1,46.3,70.2,64.2,75.5,,601.0,651.0,43.0,45.0,67.5,57.7,75.5,
251.0,301.0,University of Bergen,Norway,58.4,46.0,86.6,72.7,57.2,,351.0,351.0,54.5,46.8,75.7,63.9,65.0,
401.0,451.0,University of Bern,Switzerland,47.7,52.7,74.0,67.1,50.9,,301.0,351.0,50.3,55.3,78.0,66.5,57.2,
137.0,151.0,University of Birmingham,United Kingdom,60.9,68.1,83.5,78.1,65.8,68.8,138.0,151.0,54.9,65.9,84.0,76.7,85.8,66.1
201.0,201.0,University of Bordeaux,France,60.6,45.5,76.8,74.9,73.2,,401.0,401.0,50.1,46.2,70.3,63.2,80.1,
,,University of Bradford,United Kingdom,,,,,,,651.0,,38.4,50.3,64.1,56.8,65.3,
74.0,81.0,University of Bristol,United Kingdom,65.5,73.1,92.5,86.7,60.9,73.8,140.0,118.0,53.8,69.8,82.3,78.6,67.0,65.9
32.0,29.0,University of British Columbia,Canada,79.3,81.3,87.8,87.2,56.4,79.9,21.0,21.0,73.4,83.1,88.9,85.6,75.1,79.9
401.0,351.0,University of Bucharest,Romania,55.9,57.1,64.7,61.5,41.6,,551.0,551.0,44.8,61.5,54.6,47.2,39.2,
,,University of Calabria,Italy,,,,,,,601.0,,44.3,33.6,76.8,69.6,82.8,
251.0,201.0,University of Calgary,Canada,56.7,72.2,73.4,64.2,47.5,,151.0,151.0,50.6,69.8,75.0,68.5,72.8,
6.0,5.0,"University of California, Berkeley (UCB)",United States,95.1,91.1,100.0,97.9,67.7,92.7,4.0,4.0,85.4,90.0,100.0,97.7,74.5,89.6
151.0,149.0,"University of California, Davis",United States,55.2,67.6,88.5,81.3,51.9,,151.0,151.0,45.3,68.6,85.4,78.6,76.0,
151.0,149.0,"University of California, Irvine",United States,58.9,65.3,82.9,78.5,52.5,,96.0,95.0,62.6,63.1,85.4,80.1,72.7,68.3
12.0,10.0,"University of California, Los Angeles (UCLA)",United States,89.6,86.8,89.1,89.8,57.3,85.8,18.0,18.0,75.8,86.9,86.5,85.0,60.9,80.9
,,"University of California, Riverside",United States,,,,,,,451.0,351.0,39.6,52.0,85.4,74.7,52.3,
61.0,44.0,"University of California, San Diego (UCSD)",United States,70.0,74.8,88.5,87.5,62.8,75.6,44.0,41.0,69.0,73.6,89.5,88.6,69.2,75.4
151.0,151.0,"University of California, Santa Barbara (UCSB)",United States,60.1,61.2,84.7,76.5,61.0,,151.0,151.0,54.2,61.3,86.5,78.4,63.7,
501.0,451.0,"University of California, Santa Cruz",United States,44.4,45.2,79.7,68.8,44.0,,351.0,451.0,46.0,52.1,82.5,69.8,62.7,
2.0,3.0,University of Cambridge,United Kingdom,97.4,96.4,92.6,95.3,73.5,93.8,7.0,8.0,82.7,96.0,89.4,86.7,87.7,88.3
451.0,401.0,University of Canterbury | Te Whare W_nanga o Waitaha,New Zealand,51.9,61.8,61.0,60.1,38.0,,351.0,351.0,48.5,60.1,68.5,61.4,41.9,
401.0,451.0,University of Cape Town,South Africa,54.3,58.6,64.3,57.0,42.4,,351.0,351.0,46.6,61.5,69.2,56.8,68.8,
351.0,301.0,University of Central Florida,United States,53.4,52.3,76.6,70.8,44.8,,301.0,301.0,41.0,58.2,79.9,75.2,78.2,
21.0,16.0,University of Chicago,United States,86.9,81.3,90.0,87.0,56.8,83.3,52.0,55.0,65.7,79.8,87.4,81.9,62.6,74.5
,,University of Cincinnati,United States,,,,,,,601.0,551.0,37.0,51.1,75.7,62.5,46.1,
451.0,301.0,University of Coimbra,Portugal,51.5,47.5,72.9,63.5,42.8,,401.0,301.0,47.4,52.5,70.9,65.2,69.4,
351.0,301.0,University of Cologne,Germany,45.9,55.7,81.7,73.6,56.1,,,,,,,,,
151.0,151.0,University of Colorado Boulder,United States,58.3,64.7,86.2,77.7,49.4,,351.0,301.0,41.6,57.9,78.3,72.5,59.0,
401.0,301.0,University of Connecticut,United States,43.0,55.4,81.0,74.5,45.9,,551.0,451.0,39.8,49.4,78.2,66.2,52.3,
116.0,92.0,University of Copenhagen,Denmark,68.1,61.0,86.9,81.6,54.7,70.2,101.0,131.0,63.8,64.6,84.7,73.7,63.4,67.9
,,University of Crete,Greece,,,,,,,451.0,401.0,50.1,50.9,64.9,59.8,47.3,
,,University of Cyprus (UCY),Cyprus,,,,,,,551.0,651.0,38.1,52.1,72.4,63.6,57.9,
401.0,401.0,University of Delaware,United States,47.3,56.1,79.4,66.6,36.5,,651.0,,32.3,50.9,78.1,64.6,52.8,
251.0,301.0,University of Delhi,India,59.7,70.1,68.6,62.9,40.7,,301.0,351.0,48.1,66.5,69.8,61.0,42.9,
,,University of Dhaka,Bangladesh,,,,,,,551.0,451.0,46.1,61.0,57.8,49.8,28.9,
351.0,451.0,University of Electronic Science and Technology of China,China (Mainland),47.2,37.9,81.7,87.0,62.4,,301.0,451.0,54.0,39.5,78.5,87.3,70.3,
,,University of Engineering & Technology (UET) Lahore,Pakistan,,,,,,,401.0,351.0,47.2,62.0,62.7,55.4,55.7,
301.0,301.0,University of Florence,Italy,56.7,46.0,80.5,76.1,52.2,,451.0,451.0,44.7,50.2,75.2,69.6,57.8,
201.0,201.0,University of Florida,United States,57.1,61.5,80.5,74.5,67.5,,201.0,201.0,51.4,62.6,79.9,76.9,68.5,
301.0,401.0,University of Galway,Ireland,46.7,64.7,75.7,68.2,63.6,,251.0,251.0,43.0,63.4,81.3,71.6,73.7,
201.0,151.0,University of Geneva,Switzerland,63.2,55.1,87.1,74.1,52.2,,251.0,301.0,52.9,59.5,76.3,64.9,60.3,
451.0,451.0,University of Genoa,Italy,51.4,45.3,72.0,65.4,44.4,,501.0,451.0,46.5,43.9,74.5,67.9,63.6,
151.0,151.0,University of Glasgow,United Kingdom,59.9,67.6,82.1,71.8,63.8,,133.0,140.0,61.0,68.1,74.3,66.2,78.7,66.3
301.0,301.0,University of Gothenburg,Sweden,56.5,50.7,79.1,70.3,59.7,,401.0,401.0,49.4,50.3,73.0,63.2,68.1,
151.0,251.0,University of Granada,Spain,60.0,55.6,78.4,74.9,76.6,,201.0,201.0,54.7,53.3,84.8,77.3,83.5,
301.0,301.0,University of Groningen,Netherlands,54.3,63.4,77.2,66.6,45.3,,201.0,201.0,52.9,61.3,79.3,70.4,67.0,
151.0,151.0,University of Gttingen,Germany,66.5,47.0,86.2,75.3,55.8,,501.0,501.0,41.5,48.4,77.9,64.9,66.8,
,,University of Guelph,Canada,,,,,,,601.0,601.0,34.2,61.0,71.7,62.2,34.1,
351.0,401.0,University of Haifa,Israel,54.5,49.0,73.4,64.8,67.7,,601.0,601.0,43.6,45.0,71.3,59.0,57.8,
,,University of Hawai_i at M_noa,United States,,,,,,,601.0,,31.6,66.3,63.4,53.9,48.7,
151.0,151.0,University of Helsinki,Finland,63.4,59.1,87.0,78.8,51.0,,140.0,135.0,64.0,59.2,80.7,72.3,68.9,65.9
351.0,351.0,University of Houston,United States,49.8,48.2,81.5,72.2,59.5,,451.0,501.0,37.9,53.7,79.3,72.3,66.6,
,,University of Huddersfield,United Kingdom,,,,,,,651.0,,36.9,52.6,66.7,57.7,50.6,
140.0,151.0,University of Illinois at Chicago (UIC),United States,65.3,64.8,80.1,74.9,62.2,68.6,151.0,151.0,55.4,64.9,83.3,73.7,63.5,
55.0,61.0,University of Illinois at Urbana-Champaign,United States,71.8,76.2,84.0,84.4,71.9,76.4,25.0,27.0,74.0,76.7,86.0,88.4,93.5,79.1
351.0,301.0,University of Iowa,United States,53.0,45.2,85.3,68.8,46.7,,601.0,551.0,31.9,54.4,80.4,62.5,52.4,
201.0,351.0,University of Jordan,Jordan,68.6,62.3,69.4,58.6,41.6,,151.0,201.0,53.1,70.0,80.9,68.2,57.4,
401.0,401.0,University of Jyvskyl,Finland,50.5,46.9,80.8,73.6,44.0,,401.0,501.0,49.7,47.8,73.5,62.5,67.7,
451.0,401.0,University of Kent,United Kingdom,45.6,53.8,78.4,68.8,33.4,,351.0,401.0,46.1,56.9,77.3,65.9,50.4,
,,University of Kentucky,United States,,,,,,,601.0,501.0,33.0,49.5,84.8,70.9,47.9,
,,University of Klagenfurt,Austria,,,,,,,651.0,,46.0,37.7,70.9,62.5,47.6,
113.0,151.0,University of Leeds,United Kingdom,59.8,71.3,84.4,78.1,77.1,70.3,201.0,201.0,46.2,67.0,82.2,74.9,80.7,
451.0,501.0,University of Leicester,United Kingdom,40.8,53.3,77.6,67.1,59.1,,451.0,451.0,42.8,51.1,76.6,65.9,72.9,
,,University of Limerick,Ireland,,,,,,,351.0,351.0,45.9,61.2,69.7,62.5,56.9,
151.0,151.0,University of Lisbon ,Portugal,62.7,58.0,75.6,74.5,68.5,,201.0,151.0,54.0,57.3,72.5,74.5,83.6,
301.0,301.0,University of Liverpool,United Kingdom,47.8,61.0,78.8,70.3,61.5,,201.0,251.0,48.8,63.4,78.8,70.6,89.6,
301.0,301.0,University of Ljubljana,Slovenia,54.1,40.9,80.2,73.2,77.9,,401.0,351.0,47.2,47.0,78.4,66.5,71.9,
451.0,401.0,University of Luxembourg,Luxembourg,43.5,44.6,82.3,70.8,59.3,,301.0,251.0,52.8,44.6,82.4,76.2,75.1,
501.0,401.0,University of Macau,Macau SAR,49.2,37.0,81.0,71.8,33.4,,,,,,,,,
451.0,451.0,University of Manitoba,Canada,41.9,61.8,72.9,65.4,50.0,,451.0,401.0,38.6,60.0,79.1,64.2,53.8,
,,"University of Maryland, Baltimore County",United States,,,,,,,501.0,451.0,44.9,48.4,77.0,64.2,38.8,
79.0,78.0,"University of Maryland, College Park",United States,67.8,69.6,87.7,88.3,59.9,73.4,59.0,56.0,67.9,69.1,87.8,86.9,74.9,73.5
201.0,201.0,University of Massachusetts Amherst,United States,56.3,60.4,83.9,71.3,64.3,,110.0,96.0,62.7,63.9,87.0,77.7,55.7,67.6
,,University of Massachusetts Boston,United States,,,,,,,551.0,501.0,36.4,51.3,84.6,70.4,41.3,
351.0,301.0,University of Miami,United States,51.8,59.4,78.8,67.7,33.0,,551.0,451.0,35.7,57.9,71.8,63.2,40.8,
24.0,20.0,University of Michigan-Ann Arbor,United States,81.2,78.8,85.6,90.5,68.1,81.5,44.0,42.0,66.0,75.2,88.5,89.4,84.6,75.4
145.0,151.0,University of Milan,Italy,65.8,58.3,82.4,76.5,63.2,68.1,201.0,251.0,56.3,59.3,72.0,62.9,70.9,
301.0,251.0,University of Milano-Bicocca ,Italy,51.6,57.1,81.6,71.3,54.3,,401.0,351.0,44.1,54.1,79.1,68.2,59.2,
,,University of Minho,Portugal,,,,,,,601.0,551.0,37.2,47.9,69.8,65.5,59.7,
103.0,99.0,University of Minnesota Twin Cities,United States,71.4,57.4,83.7,84.1,58.5,71.1,201.0,201.0,51.5,63.3,82.0,78.8,60.7,
351.0,301.0,"University of Missouri, Columbia",United States,48.8,58.4,79.7,70.8,38.7,,551.0,501.0,39.2,53.5,75.8,64.6,42.6,
251.0,251.0,University of Naples - Federico II,Italy,53.1,57.5,74.6,74.1,69.7,,301.0,301.0,45.7,58.3,78.0,71.6,68.2,
,,University of Navarra,Spain,,,,,,,651.0,501.0,34.8,71.9,54.6,44.1,20.0,
,,University of New Brunswick,Canada,,,,,,,501.0,501.0,37.4,59.1,72.7,61.4,46.2,
451.0,,University of New Mexico,United States,45.1,49.3,75.1,64.8,57.5,,651.0,,30.3,50.9,76.3,66.8,67.7,
201.0,151.0,"University of North Carolina, Chapel Hill",United States,58.5,65.7,81.8,73.6,52.4,,132.0,82.0,58.9,64.3,92.0,76.2,49.8,66.4
151.0,149.0,University of Notre Dame,United States,60.2,66.6,85.9,78.1,54.2,,301.0,251.0,42.3,61.0,83.9,73.7,55.2,
201.0,201.0,University of Nottingham,United Kingdom,55.8,67.9,80.0,74.5,63.3,,201.0,201.0,48.1,65.6,79.2,73.2,81.0,
451.0,451.0,University of Oregon,United States,42.1,56.0,77.0,73.2,42.0,,651.0,,37.5,54.8,67.0,59.4,28.4,
201.0,201.0,University of Oslo,Norway,59.0,52.7,84.6,75.7,50.2,,151.0,151.0,61.0,56.0,83.2,74.5,75.3,
501.0,351.0,University of Otago,New Zealand,53.9,62.6,59.0,60.1,16.2,,451.0,351.0,47.5,59.2,62.1,52.8,43.6,
301.0,301.0,University of Ottawa,Canada,50.7,65.7,74.7,67.7,58.7,,201.0,201.0,50.2,65.1,76.9,70.6,77.7,
401.0,401.0,University of Oulu,Finland,44.9,45.9,84.7,70.3,51.8,,301.0,251.0,47.1,47.6,85.7,76.2,77.3,
3.0,6.0,University of Oxford,United Kingdom,96.8,97.1,90.7,95.1,75.9,93.6,5.0,5.0,82.1,96.7,94.2,92.1,85.6,89.4
,,University of Patras,Greece,,,,,,,401.0,301.0,45.5,56.5,74.5,65.9,58.8,
37.0,30.0,University of Pennsylvania,United States,76.9,81.3,91.8,86.7,54.6,79.3,43.0,37.0,69.2,76.4,87.6,82.8,72.1,75.5
,,University of Petroleum and Energy Studies (UPES),India,,,,,,,501.0,,54.0,51.9,56.5,50.4,28.5,
151.0,151.0,University of Pisa,Italy,68.8,59.9,77.6,73.6,46.3,,144.0,139.0,62.5,60.8,79.0,73.2,65.7,65.6
251.0,201.0,University of Pittsburgh,United States,54.5,48.4,84.2,76.5,57.6,,201.0,151.0,52.6,56.7,84.7,75.4,77.2,
,,University of Plymouth,United Kingdom,,,,,,,651.0,,35.6,50.6,70.3,59.4,67.5,
251.0,251.0,University of Porto,Portugal,56.3,56.1,73.6,70.8,66.1,,251.0,251.0,47.6,55.5,74.1,75.8,88.5,
,,University of Portsmouth,United Kingdom,,,,,,,601.0,651.0,39.0,49.6,70.5,59.0,68.4,
401.0,501.0,University of Pretoria,South Africa,45.4,52.3,71.7,59.4,76.6,,501.0,501.0,34.5,58.9,74.1,61.4,74.6,
351.0,401.0,University of Reading,United Kingdom,49.1,62.2,75.3,68.8,54.5,,551.0,601.0,38.0,60.8,64.9,56.8,59.7,
401.0,351.0,University of Rochester,United States,43.4,67.7,81.0,67.1,37.4,,251.0,201.0,45.3,62.1,90.4,76.4,43.9,
106.0,129.0,"University of Rome ""Tor Vergata""",Italy,73.7,60.0,77.7,73.2,66.6,70.8,301.0,301.0,49.2,57.6,74.6,65.5,66.5,
,,University of Salamanca,Spain,,,,,,,551.0,601.0,40.0,49.9,72.3,61.8,63.2,
,,University of Salerno,Italy,,,,,,,551.0,551.0,44.8,35.9,77.1,70.1,76.1,
,,University of Saskatchewan,Canada,,,,,,,451.0,501.0,40.6,54.4,78.7,66.5,44.7,
451.0,401.0,University of Science and Technology Beijing,China (Mainland),54.0,40.9,73.3,69.3,42.3,,401.0,401.0,47.0,46.7,78.8,75.2,61.2,
90.0,74.0,University of Science and Technology of China,China (Mainland),76.0,61.5,84.0,82.9,45.5,72.3,88.0,86.0,66.8,61.1,83.4,85.7,53.6,68.9
,,University of Sharjah,United Arab Emirates,,,,,,,451.0,551.0,43.1,59.7,67.4,58.6,56.9,
501.0,,University of South Australia,Australia,49.6,58.8,62.2,53.5,44.0,,251.0,251.0,50.4,56.2,81.3,67.1,69.6,
451.0,401.0,University of South Carolina,United States,45.2,44.9,82.5,70.8,41.5,,501.0,401.0,41.5,51.7,78.4,65.5,35.7,
401.0,351.0,University of South Florida,United States,43.4,49.3,87.3,75.7,52.2,,451.0,401.0,40.8,52.5,77.2,65.2,63.6,
151.0,151.0,University of Southampton,United Kingdom,54.2,71.3,83.7,78.1,70.4,,136.0,144.0,54.0,67.4,82.9,79.1,83.4,66.2
106.0,97.0,University of Southern California,United States,61.0,73.9,86.6,84.1,60.5,70.8,55.0,46.0,65.3,71.4,90.2,90.7,75.1,73.9
,,University of Southern Denmark (SDU),Denmark,,,,,,,451.0,501.0,42.3,51.0,76.4,62.9,65.8,
201.0,201.0,University of St Andrews,United Kingdom,61.2,66.3,73.2,66.0,48.2,,351.0,301.0,49.5,64.8,59.9,53.3,46.3,
251.0,251.0,University of Strathclyde,United Kingdom,55.8,59.9,78.8,68.8,59.1,,351.0,401.0,42.8,59.9,76.2,69.0,64.6,
351.0,351.0,University of Surrey,United Kingdom,47.2,61.5,80.7,69.8,48.9,,251.0,251.0,47.4,59.9,85.0,75.2,66.6,
,,University of Sussex,United Kingdom,,,,,,,501.0,551.0,41.1,50.8,75.2,62.2,67.0,
,,University of Szeged,Hungary,,,,,,,601.0,651.0,45.0,55.1,54.3,50.4,31.8,
,,University of Tartu,Estonia,,,,,,,301.0,301.0,50.5,56.6,72.3,63.6,76.3,
201.0,151.0,University of Technology Sydney,Australia,58.2,65.9,82.4,73.2,58.4,,73.0,68.0,62.9,64.8,86.7,86.3,86.8,70.6
401.0,451.0,University of Tehran,"Iran, Islamic Republic of",48.2,46.5,79.5,72.7,58.5,,351.0,401.0,46.3,48.5,79.1,76.0,71.1,
351.0,351.0,University of Texas Dallas,United States,45.7,62.9,79.9,68.8,51.1,,251.0,301.0,46.1,60.9,81.2,77.1,67.9,
29.0,32.0,University of Texas at Austin,United States,78.6,82.3,87.5,88.0,61.2,80.3,36.0,28.0,67.6,78.1,88.0,87.7,71.9,76.0
23.0,21.0,University of Toronto,Canada,85.6,84.2,87.5,86.4,59.1,83.1,12.0,12.0,82.8,84.4,91.5,88.4,73.0,84.6
251.0,251.0,University of Trento,Italy,55.0,55.1,85.3,71.3,51.2,,151.0,151.0,62.0,55.7,80.8,72.5,84.8,
451.0,401.0,University of Tsukuba,Japan,51.0,55.7,69.7,59.4,43.6,,401.0,351.0,48.3,58.6,65.3,61.8,51.8,
251.0,251.0,University of Turin,Italy,59.1,55.3,79.2,69.3,54.0,,301.0,301.0,52.0,53.0,77.2,69.3,51.6,
451.0,501.0,University of Turku,Finland,51.3,43.5,70.5,64.8,57.2,,,,,,,,,
301.0,301.0,University of Twente,Netherlands,55.5,64.9,75.0,64.2,41.7,,151.0,151.0,53.8,64.4,76.7,70.4,81.4,
251.0,301.0,University of Utah,United States,60.0,50.2,83.7,74.1,50.2,,301.0,301.0,50.1,48.6,81.8,72.1,62.6,
301.0,251.0,University of Victoria (UVic),Canada,50.3,52.3,85.4,75.7,55.5,,251.0,301.0,49.7,53.6,83.0,72.8,69.4,
87.0,106.0,University of Vienna,Austria,72.6,54.5,82.6,82.6,77.1,72.4,151.0,151.0,62.3,56.8,77.3,67.6,76.5,
251.0,201.0,University of Virginia,United States,52.1,68.9,83.2,75.7,37.9,,201.0,151.0,49.9,63.9,80.7,73.9,63.8,
,,University of Waikato,New Zealand,,,,,,,351.0,301.0,55.1,51.8,81.9,53.9,42.9,
148.0,151.0,University of Warsaw ,Poland,69.2,54.6,76.9,74.9,66.3,68.0,201.0,201.0,58.9,57.3,81.4,64.9,73.2,
60.0,62.0,University of Washington,United States,71.0,74.8,88.6,85.9,61.3,75.7,14.0,16.0,82.0,75.5,96.9,89.8,82.9,82.9
43.0,41.0,University of Waterloo,Canada,76.3,78.4,83.0,82.9,66.2,77.7,22.0,25.0,76.0,79.0,83.4,86.2,87.5,79.7
69.0,44.0,University of Wisconsin-Madison,United States,71.4,72.1,86.6,83.2,61.4,74.6,91.0,82.0,59.4,67.6,88.7,80.0,68.7,68.6
401.0,501.0,University of Witwatersrand,South Africa,47.7,50.9,71.9,63.5,64.4,,,,,,,,,
301.0,201.0,University of Wollongong,Australia,53.1,59.9,80.8,67.7,47.3,,201.0,201.0,48.3,61.1,82.4,74.9,75.2,
451.0,401.0,University of Wroclaw,Poland,55.0,46.8,70.5,61.5,40.5,,,,,,,,,
301.0,351.0,University of York,United Kingdom,51.8,61.9,77.2,67.7,53.2,,151.0,151.0,61.9,60.5,74.5,65.2,66.1,
451.0,501.0,University of Zagreb,Croatia,44.2,46.8,70.8,69.8,70.3,,601.0,601.0,40.0,48.6,69.7,62.5,65.5,
126.0,99.0,University of Zurich,Switzerland,65.4,55.6,94.6,82.6,57.6,69.6,130.0,129.0,60.9,59.7,90.1,79.3,60.8,66.5
,,University of the Philippines,Philippines,,,,,,,551.0,551.0,45.7,65.7,49.8,45.7,28.9,
301.0,401.0,University of the Punjab,Pakistan,59.3,60.2,70.6,64.2,39.3,,451.0,451.0,47.0,60.8,61.4,52.8,47.3,
,,University of the West of England,United Kingdom,,,,,,,551.0,601.0,37.3,53.2,75.6,64.6,63.5,
151.0,151.0,Uppsala University,Sweden,62.9,57.7,82.1,75.3,60.7,,151.0,151.0,59.1,57.4,78.2,69.0,79.1,
301.0,351.0,Ural Federal University - UrFU,Russia,62.6,67.9,57.4,55.3,51.0,,401.0,451.0,45.4,70.3,50.9,47.9,66.1,
151.0,151.0,Utrecht University,Netherlands,64.0,64.2,84.9,73.6,50.9,,151.0,151.0,60.4,64.3,78.1,69.6,64.3,
,,V. N. Karazin Kharkiv National University,Ukraine,,,,,,,551.0,451.0,51.3,64.4,42.4,43.3,19.0,
251.0,151.0,Vanderbilt University,United States,57.4,60.3,83.9,73.2,39.6,,351.0,351.0,44.8,55.8,81.2,67.4,54.3,
351.0,451.0,Vellore Institute of Technology (VIT),India,51.5,61.2,68.9,64.8,57.5,,201.0,301.0,52.1,64.3,73.4,80.0,67.6,
,,Victoria University ,Australia,,,,,,,451.0,401.0,43.8,48.5,80.4,68.5,48.3,
301.0,301.0,Victoria University of Wellington,New Zealand,56.4,63.8,73.5,62.9,42.0,,251.0,201.0,53.6,60.5,79.6,65.9,48.9,
301.0,401.0,Viet Nam National University Ho Chi Minh City (VNU-HCM),Vietnam,58.8,57.3,68.2,62.2,55.3,,451.0,401.0,43.0,56.0,68.9,64.2,56.5,
351.0,351.0,"Vietnam National University, Hanoi ",Vietnam,59.8,54.1,69.4,64.8,41.8,,501.0,501.0,43.1,52.1,67.1,63.2,55.5,
,,Vilnius Gediminas Technical University,Lithuania,,,,,,,601.0,551.0,39.9,52.8,63.7,58.6,40.3,
,,Vilnius University ,Lithuania,,,,,,,601.0,601.0,44.7,57.0,50.1,46.4,46.1,
151.0,151.0,Virginia Polytechnic Institute and State University,United States,58.4,64.1,84.1,80.3,59.7,,151.0,151.0,52.1,63.7,84.8,82.2,72.3,
251.0,251.0,Vrije Universiteit Amsterdam,Netherlands,58.0,56.6,78.5,66.0,52.5,,128.0,118.0,68.3,57.3,79.4,70.4,66.7,66.6
301.0,351.0,Vrije Universiteit Brussel (VUB),Belgium,54.0,52.0,76.7,66.0,65.2,,301.0,301.0,52.4,52.7,76.9,67.6,79.7,
,,WU (Vienna University of Economics and Business),Austria,,,,,,,501.0,401.0,49.8,50.4,66.1,56.8,36.8,
,,Wageningen University & Research,Netherlands,,,,,,,501.0,551.0,39.8,57.7,72.5,61.0,57.8,
301.0,301.0,Warsaw University of Technology,Poland,58.7,58.2,62.7,60.1,67.7,,251.0,251.0,55.0,59.2,62.6,62.9,86.5,
151.0,138.0,Waseda University,Japan,67.9,67.3,72.4,67.1,47.3,,151.0,151.0,53.5,71.1,71.3,65.2,61.4,
,,Washington State University,United States,,,,,,,351.0,251.0,40.8,59.8,85.0,74.1,50.7,
351.0,201.0,Washington University in St. Louis,United States,51.9,63.1,80.4,71.8,33.3,,351.0,251.0,46.1,55.0,82.5,70.1,43.1,
251.0,201.0,Weizmann Institute of Science,Israel,62.0,44.4,88.0,75.7,48.9,,401.0,301.0,53.0,40.9,81.5,73.4,41.3,
,,Western Sydney University,Australia,,,,,,,551.0,501.0,40.9,51.3,75.0,62.5,48.7,
351.0,251.0,Western University,Canada,51.3,68.0,77.5,67.1,31.2,,301.0,251.0,41.1,69.8,78.8,67.4,54.6,
151.0,151.0,Westflische Wilhelms-Universitt Mnster ,Germany,66.3,53.7,90.6,75.3,47.7,,501.0,351.0,47.0,49.5,74.4,61.4,40.0,
301.0,351.0,Wroclaw University of Science and Technology (WRUST),Poland,58.4,52.8,72.5,68.2,54.2,,451.0,451.0,48.4,51.2,68.1,60.6,64.5,
151.0,151.0,Wuhan University,China (Mainland),62.7,61.3,76.0,82.6,53.8,,127.0,251.0,55.3,71.1,78.5,83.5,60.0,66.7
301.0,251.0,Xiamen University,China (Mainland),58.3,51.3,78.6,75.7,29.6,,401.0,501.0,39.7,57.7,82.6,78.9,43.7,
201.0,201.0,Xian Jiaotong University,China (Mainland),59.7,58.8,74.7,80.9,56.4,,98.0,251.0,56.0,73.5,80.3,84.4,60.6,68.1
,,Xidian University,China (Mainland),,,,,,,451.0,501.0,48.8,36.6,78.4,84.4,66.6,
31.0,28.0,Yale University,United States,80.9,88.5,87.8,80.9,47.3,80.1,36.0,35.0,67.5,87.1,84.8,74.5,59.6,76.0
,,Yarmouk University,Jordan,,,,,,,551.0,551.0,43.6,58.7,61.4,55.4,30.5,
128.0,151.0,Yonsei University,South Korea,74.2,74.9,75.6,64.8,37.2,69.4,83.0,91.0,64.4,75.1,78.1,74.9,42.2,69.5
351.0,401.0,York University,Canada,49.5,58.3,84.9,69.3,39.0,,251.0,251.0,49.1,62.9,83.9,70.1,51.3,
,,Zayed University,United Arab Emirates,,,,,,,351.0,501.0,50.7,58.7,63.7,57.7,56.3,
76.0,89.0,Zhejiang University,China (Mainland),75.8,69.7,74.1,82.9,57.8,73.6,36.0,72.0,66.9,80.4,80.6,89.8,77.3,76.0
,,Zhengzhou University,China (Mainland),,,,,,,601.0,,25.0,67.8,72.6,65.9,37.1,
,,cole Centrale de Lille,France,,,,,,,501.0,401.0,36.1,59.1,77.0,63.6,59.4,
,,cole Nationale Suprieure des Mines de Saint-Etienne (EMSE),France,,,,,,,451.0,451.0,45.6,58.7,62.0,54.4,64.1,
73.0,78.0,cole Normale Suprieure de Lyon,France,75.3,66.7,85.2,78.1,59.7,73.9,201.0,201.0,57.2,62.7,72.1,60.2,72.2,
